db_pair	s_catalog	s_category	s_label	s_prefix	t_catalog	t_category	t_label	t_prefix	f_predicate	f_label	f_display	r_predicate	r_label	r_display	u_freq	u_method
affy_probeset-ncbigene	FIXME	Probe	Affymetrix probeset	http://identifiers.org/affy.probeset/	nbdc00073	Gene	NCBI gene	http://identifiers.org/ncbigene/	tio:TIO_000031	probe detects gene or transcript	detects	tio:TIO_000030	gene or transcript is target of probe	is target of	freeze	"sparql_csv2tsv.sh query.rq https://orth.dbcls.jp/sparql-dev"
assembly_insdc-bioproject	FIXME	Genome	Assembly INSDC	http://identifiers.org/insdc.gca/	nbdc00476	Project	BioProject	http://identifiers.org/bioproject/	tio:TIO_000078	genome is sequenced in project	is sequenced in	tio:TIO_000079	project determines genome sequence	determines genome sequence	Monthly	"curl -sS https://ddbj.nig.ac.jp/public/rdf/dblink/assembly_genome-bp/assembly_genome2bp.tsv"
assembly_insdc-biosample	FIXME	Genome	Assembly INSDC	http://identifiers.org/insdc.gca/	nbdc01983	Sample	BioSample	http://identifiers.org/biosample/	tio:TIO_000080	genome is sequenced with sample	is sequenced with	tio:TIO_000081	sample is used to sequence genome	is used to sequence	Monthly	"curl -sS https://ddbj.nig.ac.jp/public/rdf/dblink/assembly_genome-bs/assembly_genome2bs.tsv"
assembly_insdc-insdc_master	FIXME	Genome	Assembly INSDC	http://identifiers.org/insdc.gca/	nbdc02567	Project	INSDC master	http://identifiers.org/insdc/	tio:TIO_000078	genome is sequenced in project	is sequenced in	tio:TIO_000079	project determines genome sequence	determines genome sequence	Monthly	"curl -sS https://ddbj.nig.ac.jp/public/rdf/dblink/assembly_genome-insdc/assembly_genome2insdc.tsv"
bioproject-biosample	nbdc00476	Project	BioProject	http://identifiers.org/bioproject/	nbdc01983	Sample	BioSample	http://identifiers.org/biosample/	tio:TIO_000094	project analyzes sample	analyzes	tio:TIO_000095	sample is analyzed in project	is analyzed in	Monthly	"curl -sS https://ddbj.nig.ac.jp/public/rdf/dblink/bioproject-biosample/bioproject2biosample.tsv"
bioproject-geo_series	nbdc00476	Project	BioProject	http://identifiers.org/bioproject/	nbdc00080	Project	GEO series	http://identifiers.org/geo/	tio:TIO_000001	is nearly equivalent to	is nearly equivalent to	tio:TIO_000001	is nearly equivalent to	is nearly equivalent to	Monthly	"awk -F \"\\t\" '$2==\"GEO\"{print $1 \"\\t\" $3}' $TOGOID_ROOT/input/bioproject/bioproject.tsv"
bioproject-pubmed	nbdc00476	Project	BioProject	http://identifiers.org/bioproject/	nbdc00179	Literature	PubMed	http://rdf.ncbi.nlm.nih.gov/pubmed/	tio:TIO_000032	has reference	has reference	tio:TIO_000033	is reference of	is reference of	Monthly	"awk -F \"\\t\" '$2==\"PubMed\"{print $1 \"\\t\" $3}' $TOGOID_ROOT/input/bioproject/bioproject.tsv"
bioproject_umbrella-bioproject	nbdc00476	Project	BioProject umbrella	http://identifiers.org/bioproject/	nbdc00476	Project	BioProject	http://identifiers.org/bioproject/	tio:TIO_000106	has member	has member	tio:TIO_000107	is member of	is member of	Monthly	"curl -sS https://ddbj.nig.ac.jp/public/rdf/dblink/bioproject_umbrella-bioproject/bioproject_umbrella2bioproject.tsv"
biosample-bioproject	nbdc01983	Sample	BioSample	http://identifiers.org/biosample/	nbdc00476	Project	BioProject	http://identifiers.org/bioproject/	tio:TIO_000095	sample is analyzed in project	is analyzed in	tio:TIO_000094	project analyzes sample	analyzes	Monthly	"curl -sS https://ddbj.nig.ac.jp/public/rdf/dblink/biosample-bioproject/biosample2bioproject.tsv"
cellosaurus-ncit_disease	nbdc02180	CellLine	Cellosaurus	http://www.cellosaurus.org/CVCL_	FIXME	Phenotype	NCIt disease	http://purl.obolibrary.org/obo/NCIT_	tio:TIO_000082	cell line is model of phenotype	is model of	tio:TIO_000083	phenotype is observed in cell line	is observed in	Quarterly	"awk 'BEGIN{RS=\"\\n//\\n\";FS=\"\\n\"}{ncit=\"\";for(i=1;i<=NF;i++){if($i~/^AC/){ac=substr($i,11)}if($i~/^DI   NCIt;/){split($i,b,\"; \");ncit=b[2]}}if(ncit)print ac \"\\t\" ncit}' $TOGOID_ROOT/input/cellosaurus/cellosaurus.txt"
cellosaurus-orphanet_phenotype	nbdc02180	CellLine	Cellosaurus	http://www.cellosaurus.org/CVCL_	nbdc01422	Phenotype	Orphanet phenotype	http://identifiers.org/orphanet.ordo/Orphanet_	tio:TIO_000082	cell line is model of phenotype	is model of	tio:TIO_000083	phenotype is observed in cell line	is observed in	Quarterly	"awk 'BEGIN{RS=\"\\n//\\n\";FS=\"\\n\"}{ordo=\"\";for(i=1;i<=NF;i++){if($i~/^AC/){ac=substr($i,11)}if($i~/^DI   ORDO;/){split($i,b,\"; \");ordo=substr(b[2],10)}}if(ordo)print ac \"\\t\" ordo}' $TOGOID_ROOT/input/cellosaurus/cellosaurus.txt"
chebi-inchi_key	nbdc00027	Compound	ChEBI compound	http://purl.obolibrary.org/obo/CHEBI_	FIXME	Compound	InChIKey	http://identifiers.org/inchikey/	tio:TIO_000020	compound is represented as InChIKey	is represented as	tio:TIO_000021	InChIKey represents compound	represents	threeTimesAYear	"sparql_csv2tsv.sh query.rq https://rdfportal.org/ebi/sparql"
chembl_compound-chebi	nbdc02555	Compound	ChEMBL compound	http://identifiers.org/chembl.compound/	nbdc00027	Compound	ChEBI compound	http://purl.obolibrary.org/obo/CHEBI_	tio:TIO_000002	is equivalent to	is equivalent to	tio:TIO_000002	is equivalent to	is equivalent to	threeTimesAYear	"sparql_csv2tsv.sh query.rq https://rdfportal.org/ebi/sparql"
chembl_compound-chembl_target	nbdc02555	Compound	ChEMBL compound	http://identifiers.org/chembl.compound/	nbdc02555	Protein	ChEMBL target	http://identifiers.org/chembl.target/	tio:TIO_000012	molecule interacts with molecule	interacts with	tio:TIO_000012	molecule interacts with molecule	interacts with	Monthly	"sparql_thread.pl -t 4"
chembl_compound-drugbank	nbdc02555	Compound	ChEMBL compound	http://identifiers.org/chembl.compound/	nbdc01071	Drug	DrugBank	http://identifiers.org/drugbank/	tio:TIO_000001	is nearly equivalent to	is nearly equivalent to	tio:TIO_000001	is nearly equivalent to	is nearly equivalent to	threeTimesAYear	"sparql_csv2tsv.sh query.rq https://rdfportal.org/ebi/sparql"
chembl_compound-hmdb	nbdc02555	Compound	ChEMBL compound	http://identifiers.org/chembl.compound/	nbdc00909	Compound	HMDB	http://identifiers.org/hmdb/	tio:TIO_000001	is nearly equivalent to	is nearly equivalent to	tio:TIO_000001	is nearly equivalent to	is nearly equivalent to	threeTimesAYear	"sparql_csv2tsv.sh query.rq https://rdfportal.org/ebi/sparql"
chembl_compound-inchi_key	nbdc02555	Compound	ChEMBL compound	http://identifiers.org/chembl.compound/	FIXME	Compound	InChIKey	http://identifiers.org/inchikey/	tio:TIO_000020	compound is represented as InChIKey	is represented as	tio:TIO_000021	InChIKey represents compound	represents	threeTimesAYear	"bash retrieve.sh"
chembl_compound-mesh	nbdc02555	Compound	ChEMBL compound	http://identifiers.org/chembl.compound/	nbdc00132	Phenotype	MeSH	http://id.nlm.nih.gov/mesh/	tio:TIO_000010	has related phenotype	has related phenotype	tio:TIO_000011	phenotype is related with	is related with	threeTimesAYear	"sparql_csv2tsv.sh query.rq https://rdfportal.org/ebi/sparql"
chembl_compound-pdb_ccd	nbdc02555	Compound	ChEMBL compound	http://identifiers.org/chembl.compound/	nbdc01766	Compound	PDB CCD	http://identifiers.org/pdb-ccd/	tio:TIO_000001	is nearly equivalent to	is nearly equivalent to	tio:TIO_000001	is nearly equivalent to	is nearly equivalent to	threeTimesAYear	"sparql_csv2tsv.sh query.rq https://rdfportal.org/ebi/sparql"
chembl_compound-pubchem_compound	nbdc02555	Compound	ChEMBL compound	http://identifiers.org/chembl.compound/	nbdc00641	Compound	PubChem compound	http://rdf.ncbi.nlm.nih.gov/pubchem/compound/CID	tio:TIO_000001	is nearly equivalent to	is nearly equivalent to	tio:TIO_000001	is nearly equivalent to	is nearly equivalent to	threeTimesAYear	"bash retrieve.sh"
chembl_compound-pubchem_substance	nbdc02555	Compound	ChEMBL compound	http://identifiers.org/chembl.compound/	nbdc00642	Compound	PubChem substance	http://rdf.ncbi.nlm.nih.gov/pubchem/substance/SID	tio:TIO_000002	is equivalent to	is equivalent to	tio:TIO_000002	is equivalent to	is equivalent to	threeTimesAYear	"sparql_csv2tsv.sh query.rq https://rdfportal.org/ebi/sparql"
chembl_compound-pubmed	nbdc02555	Compound	ChEMBL compound	http://identifiers.org/chembl.compound/	nbdc00179	Literature	PubMed	http://rdf.ncbi.nlm.nih.gov/pubmed/	tio:TIO_000032	has reference	has reference	tio:TIO_000033	is reference of	is reference of	threeTimesAYear	"bash retrieve.sh"
chembl_target-ensembl_gene	nbdc02555	Protein	ChEMBL target	http://identifiers.org/chembl.target/	nbdc00054	Gene	Ensembl gene	http://identifiers.org/ensembl/	tio:TIO_000024	protein is product of gene	is product of gene	tio:TIO_000025	gene has protein as product	has gene product	Monthly	"sparql_csv2tsv.sh query.rq https://rdfportal.org/ebi/sparql"
chembl_target-go	nbdc02555	Protein	ChEMBL target	http://identifiers.org/chembl.target/	nbdc00074	Function	Gene ontology	http://purl.obolibrary.org/obo/GO_	tio:TIO_000006	has GO cellular component	has GO cellular component	tio:TIO_000009	is GO cellular component of	is GO cellular component of	Monthly	"sparql_csv2tsv.sh query.rq https://rdfportal.org/ebi/sparql"
chembl_target-interpro	nbdc02555	Protein	ChEMBL target	http://identifiers.org/chembl.target/	nbdc00108	Domain	InterPro	http://identifiers.org/interpro/	tio:TIO_000013	protein has protein domain	has protein domain	tio:TIO_000015	protein domain is in protein	is in protein	Monthly	"sparql_csv2tsv.sh query.rq https://rdfportal.org/ebi/sparql"
chembl_target-pdb	nbdc02555	Protein	ChEMBL target	http://identifiers.org/chembl.target/	nbdc00156	Structure	PDB	http://rdf.wwpdb.org/pdb/	tio:TIO_000026	protein has 3D structure	has 3D structure	tio:TIO_000027	is 3D structure of protein	is 3D structure of	Monthly	"sparql_csv2tsv.sh query.rq https://rdfportal.org/ebi/sparql"
chembl_target-pfam	nbdc02555	Protein	ChEMBL target	http://identifiers.org/chembl.target/	nbdc00163	Domain	Pfam	http://identifiers.org/pfam/	tio:TIO_000013	protein has protein domain	has protein domain	tio:TIO_000015	protein domain is in protein	is in protein	Monthly	"sparql_csv2tsv.sh query.rq https://rdfportal.org/ebi/sparql"
chembl_target-reactome_pathway	nbdc02555	Protein	ChEMBL target	http://identifiers.org/chembl.target/	nbdc00185	Pathway	Reactome pathway	http://identifiers.org/reactome/	tio:TIO_000069	molecule participates in pathway	participates in pathway	tio:TIO_000068	pathway has participant molecule	has participant molecule	Monthly	"sparql_csv2tsv.sh query.rq https://rdfportal.org/ebi/sparql"
chembl_target-uniprot	nbdc02555	Protein	ChEMBL target	http://identifiers.org/chembl.target/	nbdc00221	Protein	UniProt	http://purl.uniprot.org/uniprot/	tio:TIO_000002	is equivalent to	is equivalent to	tio:TIO_000002	is equivalent to	is equivalent to	Monthly	"sparql_thread.pl -t 10"
clinvar-medgen	nbdc01514	Variant	ClinVar variant	http://identifiers.org/clinvar/	nbdc02560	Phenotype	MedGen	http://identifiers.org/medgen/	tio:TIO_000010	has related phenotype	has related phenotype	tio:TIO_000011	phenotype is related with	is related with	Monthly	"curl -sSL https://grch38.togovar.org/public/togoid/clinvar-medgen.tsv"
cog-insdc	nbdc00397	Ortholog	COG	https://www.ncbi.nlm.nih.gov/research/cog/cog/	nbdc02567	Gene	GenBank/ENA/DDBJ	http://identifiers.org/insdc/	tio:TIO_000018	orthologous group has member sequence	has orthologous group member	tio:TIO_000019	sequence is member of orthologous group	is member of orthologous group	Irregular	"awk -F ',' '$3~/^[A-V][A-Z]{2}[0-9]{5}\\.[0-9]+$/ {sub(/\\.[0-9]+$/,\"\",$3); print $7 \"\\t\" $3}' $TOGOID_ROOT/input/cog/cog-20.cog.csv"
cog-refseq_protein	nbdc00397	Ortholog	COG	https://www.ncbi.nlm.nih.gov/research/cog/cog/	nbdc00187	Protein	RefSeq protein	http://identifiers.org/refseq/	tio:TIO_000018	orthologous group has member sequence	has orthologous group member	tio:TIO_000019	sequence is member of orthologous group	is member of orthologous group	Irregular	"awk -F ',' '$3~/^[NYW]P_[0-9]+\\.[0-9]+$/ {sub(/\\.[0-9]+$/, \"\", $3); print $7 \"\\t\" $3}' $TOGOID_ROOT/input/cog/cog-20.cog.csv"
doid-mesh	nbdc00261	Phenotype	Disease ontology	http://purl.obolibrary.org/obo/DOID_	nbdc00132	Phenotype	MeSH	http://id.nlm.nih.gov/mesh/	tio:TIO_000001	is nearly equivalent to	is nearly equivalent to	tio:TIO_000001	is nearly equivalent to	is nearly equivalent to	Irregular	"sparql_csv2tsv.sh query.rq https://rdfportal.org/bioportal/sparql"
doid-ncit_disease	nbdc00261	Phenotype	Disease ontology	http://purl.obolibrary.org/obo/DOID_	FIXME	Phenotype	NCIt disease	http://purl.obolibrary.org/obo/NCIT_	tio:TIO_000001	is nearly equivalent to	is nearly equivalent to	tio:TIO_000001	is nearly equivalent to	is nearly equivalent to	Irregular	"sparql_csv2tsv.sh query.rq https://rdfportal.org/bioportal/sparql"
doid-omim_phenotype	nbdc00261	Phenotype	Disease ontology	http://purl.obolibrary.org/obo/DOID_	nbdc00154	Phenotype	OMIM phenotype	http://identifiers.org/mim/	tio:TIO_000001	is nearly equivalent to	is nearly equivalent to	tio:TIO_000001	is nearly equivalent to	is nearly equivalent to	Irregular	"sparql_csv2tsv.sh query.rq https://rdfportal.org/bioportal/sparql"
ensembl_gene-affy_probeset	nbdc00054	Gene	Ensembl gene	http://identifiers.org/ensembl/	FIXME	Probe	Affymetrix probeset	http://identifiers.org/affy.probeset/	tio:TIO_000030	gene or transcript is target of probe	is target of	tio:TIO_000031	probe detects gene or transcript	detects	Bimonthly	"wget -q -O - 'http://www.ensembl.org/biomart/martservice?query=<?xml version=\"1.0\" encoding=\"UTF-8\"?><!DOCTYPE Query><Query  virtualSchemaName = \"default\" formatter = \"TSV\" header = \"0\" uniqueRows = \"1\" count = \"\" datasetConfigVersion = \"0.6\" ><Dataset name = \"hsapiens_gene_ensembl\" interface = \"default\" ><Attribute name = \"ensembl_gene_id\" /><Attribute name = \"affy_hg_u133_plus_2\" /></Dataset></Query>' | awk -F \"\\t\" '{ if ($2 != \"\") print }'"
ensembl_gene-ensembl_protein	nbdc00054	Gene	Ensembl gene	http://identifiers.org/ensembl/	nbdc00054	Protein	Ensembl protein	http://identifiers.org/ensembl/	tio:TIO_000025	gene has protein as product	has gene product	tio:TIO_000024	protein is product of gene	is product of gene	Quarterly	"sparql_taxon.rb query.rq https://rdfportal.org/ebi/sparql $TOGOID_ROOT/input/ensembl/taxonomy.txt"
ensembl_gene-ensembl_transcript	nbdc00054	Gene	Ensembl gene	http://identifiers.org/ensembl/	nbdc00054	Transcript	Ensembl transcript	http://identifiers.org/ensembl/	tio:TIO_000035	gene is transcribed to transcript	is transcribed to	tio:TIO_000034	transcript is transcribed from gene	is transcribed from	Quarterly	"sparql_taxon.rb query.rq https://rdfportal.org/ebi/sparql $TOGOID_ROOT/input/ensembl/taxonomy.txt"
ensembl_gene-hgnc	nbdc00054	Gene	Ensembl gene	http://identifiers.org/ensembl/	nbdc01774	Gene	HGNC	http://identifiers.org/hgnc/	tio:TIO_000001	is nearly equivalent to	is nearly equivalent to	tio:TIO_000001	is nearly equivalent to	is nearly equivalent to	Quarterly	"sparql_csv2tsv.sh query.rq https://rdfportal.org/ebi/sparql"
ensembl_gene-ncbigene	nbdc00054	Gene	Ensembl gene	http://identifiers.org/ensembl/	nbdc00073	Gene	NCBI gene	http://identifiers.org/ncbigene/	tio:TIO_000001	is nearly equivalent to	is nearly equivalent to	tio:TIO_000001	is nearly equivalent to	is nearly equivalent to	Quarterly	"sparql_taxon.rb query.rq https://rdfportal.org/ebi/sparql $TOGOID_ROOT/input/ensembl/taxonomy.txt"
ensembl_gene-uniprot	nbdc00054	Gene	Ensembl gene	http://identifiers.org/ensembl/	nbdc00221	Protein	UniProt	http://purl.uniprot.org/uniprot/	tio:TIO_000025	gene has protein as product	has gene product	tio:TIO_000024	protein is product of gene	is product of gene	Quarterly	"sparql_taxon.rb query.rq https://rdfportal.org/ebi/sparql $TOGOID_ROOT/input/ensembl/taxonomy.txt"
ensembl_protein-ensembl_transcript	nbdc00054	Protein	Ensembl protein	http://identifiers.org/ensembl/	nbdc00054	Transcript	Ensembl transcript	http://identifiers.org/ensembl/	tio:TIO_000037	protein is translated from transcript	is tranlated from	tio:TIO_000036	transcript is translated to protein	is translated to	Quarterly	"sparql_taxon.rb query.rq https://rdfportal.org/ebi/sparql $TOGOID_ROOT/input/ensembl/taxonomy.txt"
ensembl_transcript-affy_probeset	nbdc00054	Transcript	Ensembl transcript	http://identifiers.org/ensembl/	FIXME	Probe	Affymetrix probeset	http://identifiers.org/affy.probeset/	tio:TIO_000030	gene or transcript is target of probe	is target of	tio:TIO_000031	probe detects gene or transcript	detects	Bimonthly	"wget -q -O - 'http://www.ensembl.org/biomart/martservice?query=<?xml version=\"1.0\" encoding=\"UTF-8\"?><!DOCTYPE Query><Query  virtualSchemaName = \"default\" formatter = \"TSV\" header = \"0\" uniqueRows = \"1\" count = \"\" datasetConfigVersion = \"0.6\" ><Dataset name = \"hsapiens_gene_ensembl\" interface = \"default\" ><Attribute name = \"ensembl_transcript_id\" /><Attribute name = \"affy_hg_u133_plus_2\" /></Dataset></Query>' | awk -F \"\\t\" '{ if ($2 != \"\") print }'"
ensembl_transcript-go	nbdc00054	Transcript	Ensembl transcript	http://identifiers.org/ensembl/	nbdc00074	Function	Gene ontology	http://purl.obolibrary.org/obo/GO_	tio:TIO_000004	has GO annotation	has GO annotation	tio:TIO_000007	is GO annotation of	is GO annotation of	Quarterly	"sparql_taxon.rb query.rq https://rdfportal.org/ebi/sparql $TOGOID_ROOT/input/ensembl/taxonomy.txt"
ensembl_transcript-hgnc	nbdc00054	Transcript	Ensembl transcript	http://identifiers.org/ensembl/	nbdc01774	Gene	HGNC	http://identifiers.org/hgnc/	tio:TIO_000034	transcript is transcribed from gene	is transcribed from	tio:TIO_000035	gene is transcribed to transcript	is transcribed to	Quarterly	"sparql_csv2tsv.sh query.rq https://rdfportal.org/ebi/sparql"
ensembl_transcript-refseq_rna	nbdc00054	Transcript	Ensembl transcript	http://identifiers.org/ensembl/	nbdc00187	Transcript	RefSeq RNA	http://identifiers.org/refseq/	tio:TIO_000001	is nearly equivalent to	is nearly equivalent to	tio:TIO_000001	is nearly equivalent to	is nearly equivalent to	Quarterly	"sparql_taxon.rb query.rq https://rdfportal.org/ebi/sparql $TOGOID_ROOT/input/ensembl/taxonomy.txt"
gea-bioproject	FIXME	Experiment	GEA	https://ddbj.nig.ac.jp/public/ddbj_database/gea/experiment/E-GEAD-000/	nbdc00476	Project	BioProject	http://identifiers.org/bioproject/	tio:TIO_000050	experiment belongs to project	belongs to project	tio:TIO_000040	project performs experiment	performs experiment	Monthly	"curl -sS https://ddbj.nig.ac.jp/public/rdf/dblink/gea-bioproject/gea2bioproject.tsv"
gea-biosample	FIXME	Experiment	GEA	https://ddbj.nig.ac.jp/public/ddbj_database/gea/experiment/E-GEAD-000/	nbdc01983	Sample	BioSample	http://identifiers.org/biosample/	tio:TIO_000043	experiment captures sample	captures sample	tio:TIO_000053	sample is captured to perform experiment	is captured to perform experiment	Monthly	"curl -sS https://ddbj.nig.ac.jp/public/rdf/dblink/gea-biosample/gea2biosample.tsv"
glytoucan-doid	nbdc01535	Glycan	GlyTouCan	http://identifiers.org/glytoucan/	nbdc00261	Phenotype	Disease ontology	http://purl.obolibrary.org/obo/DOID_	tio:TIO_000010	has related phenotype	has related phenotype	tio:TIO_000011	phenotype is related with	is related with	threeTimesAYear	"sh retrieve.sh"
glytoucan-ncbigene	nbdc01535	Glycan	GlyTouCan	http://identifiers.org/glytoucan/	nbdc00073	Gene	NCBI gene	http://identifiers.org/ncbigene/	tio:TIO_000099	glycan is processed by protein coded by gene	is processed by protein coded by gene	tio:TIO_000098	gene codes protein to process glycan	codes protein to process glycan	threeTimesAYear	"sparql_csv2tsv.sh query.rq https://ts.glycosmos.org/sparql"
glytoucan-uniprot	nbdc01535	Glycan	GlyTouCan	http://identifiers.org/glytoucan/	nbdc00221	Protein	UniProt	http://purl.uniprot.org/uniprot/	tio:TIO_000060	glycan is attached to protein	is attached to	tio:TIO_000061	protein is modified with glycan	is modified with	threeTimesAYear	"sparql_csv2tsv.sh query.rq https://ts.glycosmos.org/sparql"
hgnc-ccds	nbdc01774	Gene	HGNC	http://identifiers.org/hgnc/	nbdc00023	Gene	Consensus CDS	http://identifiers.org/ccds/	tio:TIO_000001	is nearly equivalent to	is nearly equivalent to	tio:TIO_000001	is nearly equivalent to	is nearly equivalent to	Bimonthly	"sparql_csv2tsv.sh query.rq https://rdfportal.org/primary/sparql"
hgnc-ec	nbdc01774	Gene	HGNC	http://identifiers.org/hgnc/	nbdc01883	Function	Enzyme nomenclature	http://identifiers.org/ec-code/	tio:TIO_000028	sequence has EC number	has EC number	tio:TIO_000029	is EC number of sequence	is EC number of	Bimonthly	"sparql_csv2tsv.sh query.rq https://rdfportal.org/primary/sparql"
hgnc-ensembl_gene	nbdc01774	Gene	HGNC	http://identifiers.org/hgnc/	nbdc00054	Gene	Ensembl gene	http://identifiers.org/ensembl/	tio:TIO_000001	is nearly equivalent to	is nearly equivalent to	tio:TIO_000001	is nearly equivalent to	is nearly equivalent to	Bimonthly	"sparql_csv2tsv.sh query.rq https://rdfportal.org/primary/sparql"
hgnc-hgnc_symbol	nbdc01774	Gene	HGNC	http://identifiers.org/hgnc/	nbdc01774	Gene	HGNC gene symbol	http://identifiers.org/hgnc.symbol/	tio:TIO_000022	has synonym	has synonym	tio:TIO_000023	is synonym of	is synonym of	Bimonthly	"sparql_csv2tsv.sh query.rq https://rdfportal.org/primary/sparql"
hgnc-insdc	nbdc01774	Gene	HGNC	http://identifiers.org/hgnc/	nbdc02567	Gene	GenBank/ENA/DDBJ	http://identifiers.org/insdc/	tio:TIO_000001	is nearly equivalent to	is nearly equivalent to	tio:TIO_000001	is nearly equivalent to	is nearly equivalent to	Bimonthly	"sparql_csv2tsv.sh query.rq https://rdfportal.org/primary/sparql"
hgnc-lrg	nbdc01774	Gene	HGNC	http://identifiers.org/hgnc/	nbdc02566	Gene	LRG	http://identifiers.org/lrg/	tio:TIO_000001	is nearly equivalent to	is nearly equivalent to	tio:TIO_000001	is nearly equivalent to	is nearly equivalent to	Bimonthly	"sparql_csv2tsv.sh query.rq https://rdfportal.org/primary/sparql"
hgnc-mgi_gene	nbdc01774	Gene	HGNC	http://identifiers.org/hgnc/	nbdc00135	Gene	MGI gene	http://identifiers.org/mgi/MGI:	tio:TIO_000017	sequence is orthologous to sequence	is orthologous to	tio:TIO_000017	sequence is orthologous to sequence	is orthologous to	Bimonthly	"sparql_csv2tsv.sh query.rq https://rdfportal.org/primary/sparql"
hgnc-mirbase	nbdc01774	Gene	HGNC	http://identifiers.org/hgnc/	nbdc00136	Transcript	miRBase	http://identifiers.org/mirbase/	tio:TIO_000035	gene is transcribed to transcript	is transcribed to	tio:TIO_000034	transcript is transcribed from gene	is transcribed from	Bimonthly	"sparql_csv2tsv.sh query.rq https://rdfportal.org/primary/sparql"
hgnc-ncbigene	nbdc01774	Gene	HGNC	http://identifiers.org/hgnc/	nbdc00073	Gene	NCBI gene	http://identifiers.org/ncbigene/	tio:TIO_000001	is nearly equivalent to	is nearly equivalent to	tio:TIO_000001	is nearly equivalent to	is nearly equivalent to	Bimonthly	"sparql_csv2tsv.sh query.rq https://rdfportal.org/primary/sparql"
hgnc-omim_gene	nbdc01774	Gene	HGNC	http://identifiers.org/hgnc/	nbdc00154	Gene	OMIM gene	http://identifiers.org/mim/	tio:TIO_000001	is nearly equivalent to	is nearly equivalent to	tio:TIO_000001	is nearly equivalent to	is nearly equivalent to	Bimonthly	"sparql_csv2tsv.sh query.rq https://rdfportal.org/primary/sparql"
hgnc-pubmed	nbdc01774	Gene	HGNC	http://identifiers.org/hgnc/	nbdc00179	Literature	PubMed	http://rdf.ncbi.nlm.nih.gov/pubmed/	tio:TIO_000032	has reference	has reference	tio:TIO_000033	is reference of	is reference of	Bimonthly	"sparql_csv2tsv.sh query.rq https://rdfportal.org/primary/sparql"
hgnc-refseq_rna	nbdc01774	Gene	HGNC	http://identifiers.org/hgnc/	nbdc00187	Transcript	RefSeq RNA	http://identifiers.org/refseq/	tio:TIO_000035	gene is transcribed to transcript	is transcribed to	tio:TIO_000034	transcript is transcribed from gene	is transcribed from	Bimonthly	"sparql_csv2tsv.sh query.rq https://rdfportal.org/primary/sparql"
hgnc-rgd	nbdc01774	Gene	HGNC	http://identifiers.org/hgnc/	nbdc00188	Gene	RGD	http://identifiers.org/rgd/	tio:TIO_000017	sequence is orthologous to sequence	is orthologous to	tio:TIO_000017	sequence is orthologous to sequence	is orthologous to	Bimonthly	"sparql_csv2tsv.sh query.rq https://rdfportal.org/primary/sparql"
hgnc-uniprot	nbdc01774	Gene	HGNC	http://identifiers.org/hgnc/	nbdc00221	Protein	UniProt	http://purl.uniprot.org/uniprot/	tio:TIO_000025	gene has protein as product	has gene product	tio:TIO_000024	protein is product of gene	is product of gene	Bimonthly	"sparql_csv2tsv.sh query.rq https://rdfportal.org/primary/sparql"
hmdb-chebi	nbdc00909	Compound	HMDB	http://identifiers.org/hmdb/	nbdc00027	Compound	ChEBI compound	http://purl.obolibrary.org/obo/CHEBI_	tio:TIO_000001	is nearly equivalent to	is nearly equivalent to	tio:TIO_000001	is nearly equivalent to	is nearly equivalent to	Triennial	"awk -F \"\\t\" '$2==\"chebi_id\"{print $1 \"\\t\" $3}' $TOGOID_ROOT/input/hmdb/hmdb_metabolites.tsv"
hmdb-inchi_key	nbdc00909	Compound	HMDB	http://identifiers.org/hmdb/	FIXME	Compound	InChIKey	http://identifiers.org/inchikey/	tio:TIO_000020	compound is represented as InChIKey	is represented as	tio:TIO_000021	InChIKey represents compound	represents	Triennial	"awk -F \"\\t\" '$2==\"inchikey\"{print $1 \"\\t\" $3}' $TOGOID_ROOT/input/hmdb/hmdb_metabolites.tsv"
hmdb-pdb_ccd	nbdc00909	Compound	HMDB	http://identifiers.org/hmdb/	nbdc01766	Compound	PDB CCD	http://identifiers.org/pdb-ccd/	tio:TIO_000097	compound is component of 3D structure	is component of	tio:TIO_000096	3D structure has compound	has compound	Triennial	"awk -F \"\\t\" '$2==\"pdb_id\"{print $1 \"\\t\" $3}' $TOGOID_ROOT/input/hmdb/hmdb_metabolites.tsv"
hmdb-pubchem_compound	nbdc00909	Compound	HMDB	http://identifiers.org/hmdb/	nbdc00641	Compound	PubChem compound	http://rdf.ncbi.nlm.nih.gov/pubchem/compound/CID	tio:TIO_000001	is nearly equivalent to	is nearly equivalent to	tio:TIO_000001	is nearly equivalent to	is nearly equivalent to	Triennial	"awk -F \"\\t\" '$2==\"pubchem_compound_id\"{print $1 \"\\t\" $3}' $TOGOID_ROOT/input/hmdb/hmdb_metabolites.tsv"
homologene-ncbigene	nbdc00101	Ortholog	HomoloGene	http://identifiers.org/homologene/	nbdc00073	Gene	NCBI gene	http://identifiers.org/ncbigene/	tio:TIO_000018	orthologous group has member sequence	has orthologous group member	tio:TIO_000019	sequence is member of orthologous group	is member of orthologous group	Irregular	"cut -f 1,3 $TOGOID_ROOT/input/homologene/homologene.data"
hp_inheritance-omim_phenotype	nbdc02559	Classification	HP Inheritance	http://purl.obolibrary.org/obo/HP_	nbdc00154	Phenotype	OMIM phenotype	http://identifiers.org/mim/	tio:TIO_000105	is mode of inheritance of phenotype	is mode of inheritance of	tio:TIO_000104	phenotype has mode of inheritance	has mode of inferitance	Irregular	"awk -F \"\\t\" 'FNR==NR&&$2==\"HP:0000005\"{a[$1]=1}FNR!=NR&&a[$4]&&$1~/^OMIM:/{print gensub(/^HP:/,\"\",\"g\",$4) \"\\t\" gensub(/^OMIM:/,\"\",\"g\",$1)}' $TOGOID_ROOT/input/hp_phenotype/hp_category.tsv $TOGOID_ROOT/input/hp_phenotype/phenotype.hpoa | sort -u"
hp_phenotype-omim_phenotype	nbdc02559	Phenotype	HP Phenotype	http://purl.obolibrary.org/obo/HP_	nbdc00154	Phenotype	OMIM phenotype	http://identifiers.org/mim/	tio:TIO_000101	symptom is observed in disease	is observed in disease	tio:TIO_000100	disease has symptom	has symptom	Irregular	"awk -F \"\\t\" '$1~/^OMIM/&&$11==\"P\"&&$3!=\"NOT\"{print substr($4,4) \"\\t\" substr($1,6)}' $TOGOID_ROOT/input/hp_phenotype/phenotype.hpoa"
hp_phenotype-orphanet_phenotype	nbdc02559	Phenotype	HP Phenotype	http://purl.obolibrary.org/obo/HP_	nbdc01422	Phenotype	Orphanet phenotype	http://identifiers.org/orphanet.ordo/Orphanet_	tio:TIO_000101	symptom is observed in disease	is observed in disease	tio:TIO_000100	disease has symptom	has symptom	Irregular	"awk -F \"\\t\" '$1~/^ORPHA/&&$11==\"P\"&&$3!=\"NOT\"{print substr($4,4) \"\\t\" substr($1,7)}' $TOGOID_ROOT/input/hp_phenotype/phenotype.hpoa"
insdc-bioproject	nbdc02567	Gene	GenBank/ENA/DDBJ	http://identifiers.org/insdc/	nbdc00476	Project	BioProject	http://identifiers.org/bioproject/	tio:TIO_000108	sequence is determined in project	is determined in project	tio:TIO_000109	project determines sequence	determines sequence	Monthly	"curl -sS https://ddbj.nig.ac.jp/public/rdf/dblink/insdc-bioproject/insdc2bioproject.tsv"
insdc-biosample	nbdc02567	Gene	GenBank/ENA/DDBJ	http://identifiers.org/insdc/	nbdc01983	Sample	BioSample	http://identifiers.org/biosample/	tio:TIO_000110	sequence is determined using sample	is determined using sample	tio:TIO_000111	sample is used to determine sequence	is used to determine sequence	Monthly	"curl -sS https://ddbj.nig.ac.jp/public/rdf/dblink/insdc-biosample/insdc2biosample.tsv"
insdc_master-bioproject	nbdc02567	Project	INSDC master	http://identifiers.org/insdc/	nbdc00476	Project	BioProject	http://identifiers.org/bioproject/	tio:TIO_000001	is nearly equivalent to	is nearly equivalent to	tio:TIO_000001	is nearly equivalent to	is nearly equivalent to	Monthly	"curl -sS https://ddbj.nig.ac.jp/public/rdf/dblink/insdc_master-bioproject/insdc_master2bioproject.tsv"
insdc_master-biosample	nbdc02567	Project	INSDC master	http://identifiers.org/insdc/	nbdc01983	Sample	BioSample	http://identifiers.org/biosample/	tio:TIO_000094	project analyzes sample	analyzes	tio:TIO_000095	sample is analyzed in project	is analyzed in	Monthly	"curl -sS https://ddbj.nig.ac.jp/public/rdf/dblink/insdc_master-biosample/insdc_master2biosample.tsv"
interpro-go	nbdc00108	Domain	InterPro	http://identifiers.org/interpro/	nbdc00074	Function	Gene ontology	http://purl.obolibrary.org/obo/GO_	tio:TIO_000004	has GO annotation	has GO annotation	tio:TIO_000007	is GO annotation of	is GO annotation of	Bimonthly	"awk '!/^!/{print gensub(\"InterPro:\",\"\",\"g\",$1) \"\\t\" gensub(/[^;]*; GO:/,\"\",\"g\")}' $TOGOID_ROOT/input/interpro/interpro2go"
interpro-pdb	nbdc00108	Domain	InterPro	http://identifiers.org/interpro/	nbdc00156	Structure	PDB	http://rdf.wwpdb.org/pdb/	tio:TIO_000016	protein domain is in structure	is in structure	tio:TIO_000014	structure has protein domain	has protein domain	Bimonthly	"awk -F '\\t' -v db=PDB '$2 == db {print $1 \"\\t\" toupper($3)}' $TOGOID_ROOT/input/interpro/interpro.tsv"
interpro-pfam	nbdc00108	Domain	InterPro	http://identifiers.org/interpro/	nbdc00163	Domain	Pfam	http://identifiers.org/pfam/	tio:TIO_000001	is nearly equivalent to	is nearly equivalent to	tio:TIO_000001	is nearly equivalent to	is nearly equivalent to	Bimonthly	"awk -F '\\t' -v db=PFAM '$2 == db {print $1 \"\\t\" $3}' $TOGOID_ROOT/input/interpro/interpro.tsv"
interpro-prosite	nbdc00108	Domain	InterPro	http://identifiers.org/interpro/	nbdc00241	Domain	PROSITE	http://identifiers.org/prosite/	tio:TIO_000001	is nearly equivalent to	is nearly equivalent to	tio:TIO_000001	is nearly equivalent to	is nearly equivalent to	Bimonthly	"awk -F '\\t' -v db=PROSITE '$2 == db {print $1 \"\\t\" $3}' $TOGOID_ROOT/input/interpro/interpro.tsv"
interpro-pubmed	nbdc00108	Domain	InterPro	http://identifiers.org/interpro/	nbdc00179	Literature	PubMed	http://rdf.ncbi.nlm.nih.gov/pubmed/	tio:TIO_000032	has reference	has reference	tio:TIO_000033	is reference of	is reference of	Bimonthly	"awk -F '\\t' -v db=PUBMED '$2 == db {print $1 \"\\t\" $3}' $TOGOID_ROOT/input/interpro/interpro.tsv"
interpro-reactome_pathway	nbdc00108	Domain	InterPro	http://identifiers.org/interpro/	nbdc00185	Pathway	Reactome pathway	http://identifiers.org/reactome/	tio:TIO_000073	protein domain participates in pathway	participates in pathway	tio:TIO_000072	pathway has protein domain	has protein domain in pathway	Bimonthly	"awk -F '\\t' -v db=REACTOME '$2 == db {print $1 \"\\t\" $3}' $TOGOID_ROOT/input/interpro/interpro.tsv"
interpro-smart	nbdc00108	Domain	InterPro	http://identifiers.org/interpro/	nbdc00682	Domain	SMART	http://identifiers.org/smart/	tio:TIO_000001	is nearly equivalent to	is nearly equivalent to	tio:TIO_000001	is nearly equivalent to	is nearly equivalent to	Bimonthly	"awk -F '\\t' -v db=SMART '$2 == db {print $1 \"\\t\" $3}' $TOGOID_ROOT/input/interpro/interpro.tsv"
interpro-uniprot	nbdc00108	Domain	InterPro	http://identifiers.org/interpro/	nbdc00221	Protein	UniProt	http://purl.uniprot.org/uniprot/	tio:TIO_000015	protein domain is in protein	is in protein	tio:TIO_000013	protein has protein domain	has protein domain	Bimonthly	"awk -F \"\\t\" '{print $2 \"\\t\" $1}' $TOGOID_ROOT/input/interpro/protein2ipr.dat | sort | uniq"
jga_study-jga_dataset	nbdc02152	Project	JGA Study	http://ddbj.nig.ac.jp/resource/jga-study/	nbdc02152	Project	JGA Dataset	http://ddbj.nig.ac.jp/resource/jga-dataset/	tio:TIO_000106	has member	has member	tio:TIO_000107	is member of	is member of	Monthly	"curl -sS https://ddbj.nig.ac.jp/public/rdf/dblink/jga_study-jga_dataset/jga_study2jga_dataset.tsv"
jga_study-nbdc_human_db	nbdc02152	Project	JGA Study	http://ddbj.nig.ac.jp/resource/jga-study/	nbdc01348	Project	NBDC Human Database	http://humandbs.biosciencedbc.jp/	tio:TIO_000107	is member of	is member of	tio:TIO_000106	has member	has member	Monthly	"curl -sS https://ddbj.nig.ac.jp/public/rdf/dblink/jga_study-humID/jga_study2humID.tsv"
jga_study-pubmed	nbdc02152	Project	JGA Study	http://ddbj.nig.ac.jp/resource/jga-study/	nbdc00179	Literature	PubMed	http://rdf.ncbi.nlm.nih.gov/pubmed/	tio:TIO_000032	has reference	has reference	tio:TIO_000033	is reference of	is reference of	Monthly	"curl -sS https://ddbj.nig.ac.jp/public/rdf/dblink/jga_study-pubmed_id/jga_study2pubmed_id.tsv"
lipidmaps-chebi	FIXME	Lipid	LIPID MAPS	http://identifiers.org/lipidmaps/	nbdc00027	Compound	ChEBI compound	http://purl.obolibrary.org/obo/CHEBI_	tio:TIO_000002	is equivalent to	is equivalent to	tio:TIO_000002	is equivalent to	is equivalent to	Weekly	"sparql_csv2tsv.sh query.rq https://lipidmaps.org/sparql"
lipidmaps-inchi_key	FIXME	Lipid	LIPID MAPS	http://identifiers.org/lipidmaps/	FIXME	Compound	InChIKey	http://identifiers.org/inchikey/	tio:TIO_000020	compound is represented as InChIKey	is represented as	tio:TIO_000021	InChIKey represents compound	represents	Weekly	"sparql_csv2tsv.sh query.rq https://lipidmaps.org/sparql"
lipidmaps-swisslipids	FIXME	Lipid	LIPID MAPS	http://identifiers.org/lipidmaps/	nbdc02026	Lipid	SwissLipids	http://identifiers.org/slm/SLM:	tio:TIO_000002	is equivalent to	is equivalent to	tio:TIO_000002	is equivalent to	is equivalent to	Weekly	"sparql_csv2tsv.sh query.rq https://lipidmaps.org/sparql"
mbgd_gene-uniprot	nbdc00130	Gene	MBGD gene	http://mbgd.genome.ad.jp/rdf/resource/gene/	nbdc00221	Protein	UniProt	http://purl.uniprot.org/uniprot/	tio:TIO_000025	gene has protein as product	has gene product	tio:TIO_000024	protein is product of gene	is product of gene	Yearly	"sparql_csv2tsv.sh mbgd_organism.rq http://sparql.nibb.ac.jp/sparql > mbgd_organism.txt && sparql_taxon.rb query.rq http://sparql.nibb.ac.jp/sparql mbgd_organism.txt"
mbgd_organism-taxonomy	nbdc00130	Organism	MBGD organism	http://mbgd.genome.ad.jp/rdf/resource/organism/	nbdc00700	Organism	Taxonomy	http://identifiers.org/taxonomy/	tio:TIO_000002	is equivalent to	is equivalent to	tio:TIO_000002	is equivalent to	is equivalent to	Yearly	"sparql_csv2tsv.sh query.rq http://sparql.nibb.ac.jp/sparql"
medgen-hp_phenotype	nbdc02560	Phenotype	MedGen	http://identifiers.org/medgen/	nbdc02559	Phenotype	HP Phenotype	http://purl.obolibrary.org/obo/HP_	tio:TIO_000001	is nearly equivalent to	is nearly equivalent to	tio:TIO_000001	is nearly equivalent to	is nearly equivalent to	Daily	"sparql_csv2tsv.sh query.rq https://rdfportal.org/ncbi/sparql"
medgen-mesh	nbdc02560	Phenotype	MedGen	http://identifiers.org/medgen/	nbdc00132	Phenotype	MeSH	http://id.nlm.nih.gov/mesh/	tio:TIO_000001	is nearly equivalent to	is nearly equivalent to	tio:TIO_000001	is nearly equivalent to	is nearly equivalent to	Daily	"sparql_csv2tsv.sh query.rq https://rdfportal.org/ncbi/sparql"
medgen-mondo	nbdc02560	Phenotype	MedGen	http://identifiers.org/medgen/	nbdc02563	Phenotype	MONDO	http://purl.obolibrary.org/obo/MONDO_	tio:TIO_000001	is nearly equivalent to	is nearly equivalent to	tio:TIO_000001	is nearly equivalent to	is nearly equivalent to	Daily	"sparql_csv2tsv.sh query.rq https://rdfportal.org/ncbi/sparql"
medgen-ncbigene	nbdc02560	Phenotype	MedGen	http://identifiers.org/medgen/	nbdc00073	Gene	NCBI gene	http://identifiers.org/ncbigene/	tio:TIO_000011	phenotype is related with	is related with	tio:TIO_000010	has related phenotype	has related phenotype		"sparql_csv2tsv.sh query.rq https://rdfportal.org/ncbi/sparql"
medgen-omim_phenotype	nbdc02560	Phenotype	MedGen	http://identifiers.org/medgen/	nbdc00154	Phenotype	OMIM phenotype	http://identifiers.org/mim/	tio:TIO_000001	is nearly equivalent to	is nearly equivalent to	tio:TIO_000001	is nearly equivalent to	is nearly equivalent to	Daily	"sparql_csv2tsv.sh query.rq https://rdfportal.org/ncbi/sparql"
medgen-orphanet_phenotype	nbdc02560	Phenotype	MedGen	http://identifiers.org/medgen/	nbdc01422	Phenotype	Orphanet phenotype	http://identifiers.org/orphanet.ordo/Orphanet_	tio:TIO_000001	is nearly equivalent to	is nearly equivalent to	tio:TIO_000001	is nearly equivalent to	is nearly equivalent to	Daily	"sparql_csv2tsv.sh query.rq https://rdfportal.org/ncbi/sparql"
mgi_gene-ensembl_gene	nbdc00135	Gene	MGI gene	http://identifiers.org/mgi/MGI:	nbdc00054	Gene	Ensembl gene	http://identifiers.org/ensembl/	tio:TIO_000001	is nearly equivalent to	is nearly equivalent to	tio:TIO_000001	is nearly equivalent to	is nearly equivalent to	Monthly	"awk -F \"\\t\" 'FNR>=2&&$11!=\"null\"{print gensub(/^MGI:/, \"\", \"g\", $1) \"\\t\" $11}' $TOGOID_ROOT/input/mgi_gene/MGI_Gene_Model_Coord.rpt"
mgi_gene-hgnc	nbdc00135	Gene	MGI gene	http://identifiers.org/mgi/MGI:	nbdc01774	Gene	HGNC	http://identifiers.org/hgnc/	tio:TIO_000017	sequence is orthologous to sequence	is orthologous to	tio:TIO_000017	sequence is orthologous to sequence	is orthologous to	Monthly	"awk -F \"\\t\" 'FNR>=2&&$16!=\"null\"{split($16, a, \"|\"); for(k in a){print gensub(/^MGI:/, \"\", \"g\", $1) \"\\t\" gensub(/^HGNC:/, \"\", \"g\", a[k])}}' $TOGOID_ROOT/input/mgi_gene/HGNC_AllianceHomology.rpt"
mgi_gene-mgi_allele	nbdc00135	Gene	MGI gene	http://identifiers.org/mgi/MGI:	nbdc00135	Variant	MGI allele	http://identifiers.org/mgi/MGI:	tio:TIO_000063	sequence has variant	has variant	tio:TIO_000062	variant is located in sequence	is located in	Monthly	"awk -F \"\\t\" '/^[^#]/{print gensub(/^MGI:/, \"\", \"g\", $7) \"\\t\" gensub(/^MGI:/, \"\", \"g\", $1)}' $TOGOID_ROOT/input/mgi_gene/MGI_PhenotypicAllele.rpt"
mgi_gene-ncbigene	nbdc00135	Gene	MGI gene	http://identifiers.org/mgi/MGI:	nbdc00073	Gene	NCBI gene	http://identifiers.org/ncbigene/	tio:TIO_000001	is nearly equivalent to	is nearly equivalent to	tio:TIO_000001	is nearly equivalent to	is nearly equivalent to	Monthly	"awk -F \"\\t\" 'FNR>=2&&$6!=\"null\"{print gensub(/^MGI:/, \"\", \"g\", $1) \"\\t\" $6}' $TOGOID_ROOT/input/mgi_gene/MGI_Gene_Model_Coord.rpt"
mgi_gene-uniprot	nbdc00135	Gene	MGI gene	http://identifiers.org/mgi/MGI:	nbdc00221	Protein	UniProt	http://purl.uniprot.org/uniprot/	tio:TIO_000025	gene has protein as product	has gene product	tio:TIO_000024	protein is product of gene	is product of gene	Monthly	"awk -F \"\\t\" '{split($7, a, \" \"); for(k in a){print gensub(/^MGI:/, \"\", \"g\", $1) \"\\t\" a[k]}}' $TOGOID_ROOT/input/mgi_gene/MRK_SwissProt_TrEMBL.rpt"
mgi_genotype-doid	nbdc00135	Genotype	MGI genotype	http://identifiers.org/mgi/MGI:	nbdc00261	Phenotype	Disease ontology	http://purl.obolibrary.org/obo/DOID_	tio:TIO_000010	has related phenotype	has related phenotype	tio:TIO_000011	phenotype is related with	is related with	Monthly	"awk -F \"\\t\" '$6~/^DOID:/&&!a[$1, $6]++{print gensub(/^MGI:/,\"\",\"g\",$1) \"\\t\" gensub(/^DOID:/,\"\",\"g\",$6)}' $TOGOID_ROOT/input/mgi_genotype/mousemine_genotype.tsv"
mgi_genotype-mgi_allele	nbdc00135	Genotype	MGI genotype	http://identifiers.org/mgi/MGI:	nbdc00135	Variant	MGI allele	http://identifiers.org/mgi/MGI:	tio:TIO_000116	genotype is composed of allele	is composed of allele	tio:TIO_000117	allele composes genotype	composes genotype	Monthly	"awk -F \"\\t\" '!a[$1, $4]++{print gensub(/^MGI:/,\"\",\"g\",$1) \"\\t\" gensub(/^MGI:/,\"\",\"g\",$4)}' $TOGOID_ROOT/input/mgi_genotype/mousemine_genotype.tsv"
mgi_genotype-mp	nbdc00135	Genotype	MGI genotype	http://identifiers.org/mgi/MGI:	FIXME	Phenotype	Mammalian Phenotype Ontology	http://identifiers.org/mp/MP:	tio:TIO_000010	has related phenotype	has related phenotype	tio:TIO_000011	phenotype is related with	is related with	Monthly	"awk -F \"\\t\" '$6~/^MP:/&&!a[$1, $6]++{print gensub(/^MGI:/,\"\",\"g\",$1) \"\\t\" gensub(/^MP:/,\"\",\"g\",$6)}' $TOGOID_ROOT/input/mgi_genotype/mousemine_genotype.tsv"
mondo-doid	nbdc02563	Phenotype	MONDO	http://purl.obolibrary.org/obo/MONDO_	nbdc00261	Phenotype	Disease ontology	http://purl.obolibrary.org/obo/DOID_	tio:TIO_000001	is nearly equivalent to	is nearly equivalent to	tio:TIO_000001	is nearly equivalent to	is nearly equivalent to	Irregular	"sparql_csv2tsv.sh query.rq https://rdfportal.org/bioportal/sparql"
mondo-hp_phenotype	nbdc02563	Phenotype	MONDO	http://purl.obolibrary.org/obo/MONDO_	nbdc02559	Phenotype	HP Phenotype	http://purl.obolibrary.org/obo/HP_	tio:TIO_000001	is nearly equivalent to	is nearly equivalent to	tio:TIO_000001	is nearly equivalent to	is nearly equivalent to	Irregular	"sparql_csv2tsv.sh query.rq https://rdfportal.org/bioportal/sparql"
mondo-meddra	nbdc02563	Phenotype	MONDO	http://purl.obolibrary.org/obo/MONDO_	nbdc02564	Phenotype	MedDRA	http://identifiers.org/meddra/	tio:TIO_000001	is nearly equivalent to	is nearly equivalent to	tio:TIO_000001	is nearly equivalent to	is nearly equivalent to	Irregular	"sparql_csv2tsv.sh query.rq https://rdfportal.org/bioportal/sparql"
mondo-mesh	nbdc02563	Phenotype	MONDO	http://purl.obolibrary.org/obo/MONDO_	nbdc00132	Phenotype	MeSH	http://id.nlm.nih.gov/mesh/	tio:TIO_000001	is nearly equivalent to	is nearly equivalent to	tio:TIO_000001	is nearly equivalent to	is nearly equivalent to	Irregular	"sparql_csv2tsv.sh query.rq https://rdfportal.org/bioportal/sparql"
mondo-omim_phenotype	nbdc02563	Phenotype	MONDO	http://purl.obolibrary.org/obo/MONDO_	nbdc00154	Phenotype	OMIM phenotype	http://identifiers.org/mim/	tio:TIO_000001	is nearly equivalent to	is nearly equivalent to	tio:TIO_000001	is nearly equivalent to	is nearly equivalent to	Irregular	"sparql_csv2tsv.sh query.rq https://rdfportal.org/bioportal/sparql"
mondo-orphanet_phenotype	nbdc02563	Phenotype	MONDO	http://purl.obolibrary.org/obo/MONDO_	nbdc01422	Phenotype	Orphanet phenotype	http://identifiers.org/orphanet.ordo/Orphanet_	tio:TIO_000001	is nearly equivalent to	is nearly equivalent to	tio:TIO_000001	is nearly equivalent to	is nearly equivalent to	Irregular	"sparql_csv2tsv.sh query.rq https://rdfportal.org/bioportal/sparql"
nando-mondo	nbdc02557	Phenotype	NANDO	http://nanbyodata.jp/ontology/NANDO_	nbdc02563	Phenotype	MONDO	http://purl.obolibrary.org/obo/MONDO_	tio:TIO_000001	is nearly equivalent to	is nearly equivalent to	tio:TIO_000001	is nearly equivalent to	is nearly equivalent to	Irregular	"sparql_csv2tsv.sh query.rq https://rdfportal.org/bioportal/sparql"
ncbigene-ensembl_gene	nbdc00073	Gene	NCBI gene	http://identifiers.org/ncbigene/	nbdc00054	Gene	Ensembl gene	http://identifiers.org/ensembl/	tio:TIO_000001	is nearly equivalent to	is nearly equivalent to	tio:TIO_000001	is nearly equivalent to	is nearly equivalent to	Weekly	"awk -F '\\t' -v col=3 'FNR!=1&&$col!=\"-\"&&!a[$2 $col]++{print $2 \"\\t\" $col}' $TOGOID_ROOT/input/ncbigene/gene2ensembl"
ncbigene-ensembl_protein	nbdc00073	Gene	NCBI gene	http://identifiers.org/ncbigene/	nbdc00054	Protein	Ensembl protein	http://identifiers.org/ensembl/	tio:TIO_000025	gene has protein as product	has gene product	tio:TIO_000024	protein is product of gene	is product of gene	Weekly	"awk -F '\\t' -v col=7 'FNR!=1&&$col!=\"-\"&&!a[$2 gensub(/\\.[0-9]+$/,\"\",\"g\",$col)]++{print $2 \"\\t\" gensub(/\\.[0-9]+$/,\"\",\"g\",$col)}' $TOGOID_ROOT/input/ncbigene/gene2ensembl"
ncbigene-ensembl_transcript	nbdc00073	Gene	NCBI gene	http://identifiers.org/ncbigene/	nbdc00054	Transcript	Ensembl transcript	http://identifiers.org/ensembl/	tio:TIO_000035	gene is transcribed to transcript	is transcribed to	tio:TIO_000034	transcript is transcribed from gene	is transcribed from	Weekly	"awk -F '\\t' -v col=5 'FNR!=1&&$col!=\"-\"&&!a[$2 gensub(/\\.[0-9]+$/,\"\",\"g\",$col)]++{print $2 \"\\t\" gensub(/\\.[0-9]+$/,\"\",\"g\",$col)}' $TOGOID_ROOT/input/ncbigene/gene2ensembl"
ncbigene-flybase_gene	nbdc00073	Gene	NCBI gene	http://identifiers.org/ncbigene/	nbdc00064	Gene	FlyBase gene	http://identifiers.org/fb/	tio:TIO_000001	is nearly equivalent to	is nearly equivalent to	tio:TIO_000001	is nearly equivalent to	is nearly equivalent to	Weekly	"awk -F '\\t' -v 'db=FLYBASE' 'match($6, db \":\"){split($6,a,\"|\");for(k in a){if(match(a[k], \"^\" db \":\"))print $2 \"\\t\" substr(a[k],length(db)+2)}}' $TOGOID_ROOT/input/ncbigene/gene_info"
ncbigene-go	nbdc00073	Gene	NCBI gene	http://identifiers.org/ncbigene/	nbdc00074	Function	Gene ontology	http://purl.obolibrary.org/obo/GO_	tio:TIO_000004	has GO annotation	has GO annotation	tio:TIO_000007	is GO annotation of	is GO annotation of	Weekly	"awk -F '\\t' 'FNR!=1 && !a[$2 $3]++{print $2 \"\\t\" gensub(\"GO:\",\"\",\"g\",$3)}' $TOGOID_ROOT/input/ncbigene/gene2go"
ncbigene-hgnc	nbdc00073	Gene	NCBI gene	http://identifiers.org/ncbigene/	nbdc01774	Gene	HGNC	http://identifiers.org/hgnc/	tio:TIO_000001	is nearly equivalent to	is nearly equivalent to	tio:TIO_000001	is nearly equivalent to	is nearly equivalent to	Weekly	"awk -F '\\t' 'FNR!=1{split($6,a,\"|\");for(i in a){if(a[i]~/^HGNC:/)print $2 \"\\t\" gensub(/^.*:/,\"\",\"g\",a[i])}}' $TOGOID_ROOT/input/ncbigene/Homo_sapiens.gene_info"
ncbigene-mgi_gene	nbdc00073	Gene	NCBI gene	http://identifiers.org/ncbigene/	nbdc00135	Gene	MGI gene	http://identifiers.org/mgi/MGI:	tio:TIO_000001	is nearly equivalent to	is nearly equivalent to	tio:TIO_000001	is nearly equivalent to	is nearly equivalent to	Weekly	"awk -F '\\t' '$6~/MGI:MGI:/{split($6,a,\"|\");for(k in a){if(a[k]~/^MGI:/)print $2 \"\\t\" substr(a[k],9)}}' $TOGOID_ROOT/input/ncbigene/gene_info"
ncbigene-mirbase	nbdc00073	Gene	NCBI gene	http://identifiers.org/ncbigene/	nbdc00136	Transcript	miRBase	http://identifiers.org/mirbase/	tio:TIO_000035	gene is transcribed to transcript	is transcribed to	tio:TIO_000034	transcript is transcribed from gene	is transcribed from	Weekly	"awk -F '\\t' 'FNR!=1{split($6,a,\"|\");for(i in a){if(a[i]~/^miRBase:/)print $2 \"\\t\" gensub(/^.*:/,\"\",\"g\",a[i])}}' $TOGOID_ROOT/input/ncbigene/gene_info"
ncbigene-omim_gene	nbdc00073	Gene	NCBI gene	http://identifiers.org/ncbigene/	nbdc00154	Gene	OMIM gene	http://identifiers.org/mim/	tio:TIO_000001	is nearly equivalent to	is nearly equivalent to	tio:TIO_000001	is nearly equivalent to	is nearly equivalent to	Weekly	"awk -F '\\t' 'FNR!=1{split($6,a,\"|\");for(i in a){if(a[i]~/^MIM:/)print $2 \"\\t\" gensub(/^.*:/,\"\",\"g\",a[i])}}' $TOGOID_ROOT/input/ncbigene/Homo_sapiens.gene_info"
ncbigene-refseq_genomic	nbdc00073	Gene	NCBI gene	http://identifiers.org/ncbigene/	nbdc00187	Gene	RefSeq genomic	http://identifiers.org/refseq/	tio:TIO_000001	is nearly equivalent to	is nearly equivalent to	tio:TIO_000001	is nearly equivalent to	is nearly equivalent to	Weekly	"awk -F '\\t' -v col=8 'FNR!=1 && $col!=\"-\" && !a[$2 $col]++ && $col~/^NG_/{print $2 \"\\t\" gensub(/\\.[0-9]+$/,\"\",\"g\",$col);n++}' $TOGOID_ROOT/input/ncbigene/gene2refseq"
ncbigene-refseq_protein	nbdc00073	Gene	NCBI gene	http://identifiers.org/ncbigene/	nbdc00187	Protein	RefSeq protein	http://identifiers.org/refseq/	tio:TIO_000025	gene has protein as product	has gene product	tio:TIO_000024	protein is product of gene	is product of gene	Weekly	"awk -F '\\t' -v col=6 'FNR!=1 && $col!=\"-\" && !a[$2 $col]++{print $2 \"\\t\" gensub(/\\.[0-9]+$/,\"\",\"g\",$col);n++}' $TOGOID_ROOT/input/ncbigene/gene2refseq"
ncbigene-refseq_rna	nbdc00073	Gene	NCBI gene	http://identifiers.org/ncbigene/	nbdc00187	Transcript	RefSeq RNA	http://identifiers.org/refseq/	tio:TIO_000035	gene is transcribed to transcript	is transcribed to	tio:TIO_000034	transcript is transcribed from gene	is transcribed from	Weekly	"awk -F '\\t' -v col=4 'FNR!=1 && $col!=\"-\" && !a[$2 $col]++{print $2 \"\\t\" gensub(/\\.[0-9]+$/,\"\",\"g\",$col);n++}' $TOGOID_ROOT/input/ncbigene/gene2refseq"
ncbigene-rgd	nbdc00073	Gene	NCBI gene	http://identifiers.org/ncbigene/	nbdc00188	Gene	RGD	http://identifiers.org/rgd/	tio:TIO_000001	is nearly equivalent to	is nearly equivalent to	tio:TIO_000001	is nearly equivalent to	is nearly equivalent to	Weekly	"awk -F '\\t' '$6~/RGD:/{split($6,a,\"|\");for(k in a){if(a[k]~/^RGD:/)print $2 \"\\t\" substr(a[k],5)}}' $TOGOID_ROOT/input/ncbigene/gene_info"
ncbigene-sgd	nbdc00073	Gene	NCBI gene	http://identifiers.org/ncbigene/	nbdc00202	Gene	SGD	http://identifiers.org/sgd/	tio:TIO_000001	is nearly equivalent to	is nearly equivalent to	tio:TIO_000001	is nearly equivalent to	is nearly equivalent to	Weekly	"awk -F '\\t' -v 'db=SGD' 'match($6, db \":\"){split($6,a,\"|\");for(k in a){if(match(a[k], \"^\" db \":\"))print $2 \"\\t\" substr(a[k],length(db)+2)}}' $TOGOID_ROOT/input/ncbigene/gene_info"
ncbigene-tair	nbdc00073	Gene	NCBI gene	http://identifiers.org/ncbigene/	nbdc00697	Gene	TAIR	http://identifiers.org/tair.name/	tio:TIO_000001	is nearly equivalent to	is nearly equivalent to	tio:TIO_000001	is nearly equivalent to	is nearly equivalent to	Weekly	"awk -F '\\t' -v 'db=TAIR' 'match($6, db \":\"){split($6,a,\"|\");for(k in a){if(match(a[k], \"^\" db \":\"))print $2 \"\\t\" substr(a[k],length(db)+2)}}' $TOGOID_ROOT/input/ncbigene/gene_info"
ncbigene-taxonomy	nbdc00073	Gene	NCBI gene	http://identifiers.org/ncbigene/	nbdc00700	Organism	Taxonomy	http://identifiers.org/taxonomy/	tio:TIO_000064	is gene of organism	is gene of organism	tio:TIO_000065	organism has gene	has gene	Weekly	"awk -F '\\t' 'FNR!=1{print $2 \"\\t\" $1}' $TOGOID_ROOT/input/ncbigene/gene_info"
ncbigene-vgnc	nbdc00073	Gene	NCBI gene	http://identifiers.org/ncbigene/	nbdc02624	Gene	VGNC	http://identifiers.org/vgnc/	tio:TIO_000001	is nearly equivalent to	is nearly equivalent to	tio:TIO_000001	is nearly equivalent to	is nearly equivalent to	Weekly	"awk -F '\\t' -v 'db=VGNC:VGNC' 'match($6, db \":\"){split($6,a,\"|\");for(k in a){if(match(a[k], \"^\" db \":\"))print $2 \"\\t\" substr(a[k],length(db)+2)}}' $TOGOID_ROOT/input/ncbigene/gene_info"
ncbigene-wormbase_gene	nbdc00073	Gene	NCBI gene	http://identifiers.org/ncbigene/	nbdc00740	Gene	WormBase gene	http://identifiers.org/wb/	tio:TIO_000001	is nearly equivalent to	is nearly equivalent to	tio:TIO_000001	is nearly equivalent to	is nearly equivalent to	Weekly	"awk -F '\\t' -v 'db=WormBase' 'match($6, db \":\"){split($6,a,\"|\");for(k in a){if(match(a[k], \"^\" db \":\"))print $2 \"\\t\" substr(a[k],length(db)+2)}}' $TOGOID_ROOT/input/ncbigene/gene_info"
ncbigene-xenbase_gene	nbdc00073	Gene	NCBI gene	http://identifiers.org/ncbigene/	nbdc01892	Gene	Xenbase gene	http://identifiers.org/xenbase/	tio:TIO_000001	is nearly equivalent to	is nearly equivalent to	tio:TIO_000001	is nearly equivalent to	is nearly equivalent to	Weekly	"awk -F '\\t' -v 'db=Xenbase' 'match($6, db \":\"){split($6,a,\"|\");for(k in a){if(match(a[k], \"^\" db \":\"))print $2 \"\\t\" substr(a[k],length(db)+2)}}' $TOGOID_ROOT/input/ncbigene/gene_info"
ncbigene-zfin_gene	nbdc00073	Gene	NCBI gene	http://identifiers.org/ncbigene/	nbdc00746	Gene	ZFIN gene	http://identifiers.org/zfin/	tio:TIO_000001	is nearly equivalent to	is nearly equivalent to	tio:TIO_000001	is nearly equivalent to	is nearly equivalent to	Weekly	"awk -F '\\t' -v 'db=ZFIN' 'match($6, db \":\"){split($6,a,\"|\");for(k in a){if(match(a[k], \"^\" db \":\"))print $2 \"\\t\" substr(a[k],length(db)+2)}}' $TOGOID_ROOT/input/ncbigene/gene_info"
ncit_disease-ncit_tissue	FIXME	Phenotype	NCIt disease	http://purl.obolibrary.org/obo/NCIT_	FIXME	Anatomy	NCIt tissue	http://purl.obolibrary.org/obo/NCIT_	tio:TIO_000086	phenotype is observed in anatomic site	is observed in anatomic site	tio:TIO_000087	anatomic site can have phenotype	can have phenotype	Irregular	"sparql_csv2tsv.sh query.rq https://sparql.hegroup.org/sparql/"
oma_protein-ensembl_gene	nbdc02221	Protein	OMA protein	http://identifiers.org/oma.protein/	nbdc00054	Gene	Ensembl gene	http://identifiers.org/ensembl/	tio:TIO_000024	protein is product of gene	is product of gene	tio:TIO_000025	gene has protein as product	has gene product	twoTimesAYear	"sparql_taxon.rb query.rq https://sparql.omabrowser.org/sparql/ $TOGOID_ROOT/input/oma_protein/taxonomy.txt"
oma_protein-ensembl_transcript	nbdc02221	Protein	OMA protein	http://identifiers.org/oma.protein/	nbdc00054	Transcript	Ensembl transcript	http://identifiers.org/ensembl/	tio:TIO_000037	protein is translated from transcript	is tranlated from	tio:TIO_000036	transcript is translated to protein	is translated to	twoTimesAYear	"sparql_taxon.rb query.rq https://sparql.omabrowser.org/sparql/ $TOGOID_ROOT/input/oma_protein/taxonomy.txt"
oma_protein-ncbigene	nbdc02221	Protein	OMA protein	http://identifiers.org/oma.protein/	nbdc00073	Gene	NCBI gene	http://identifiers.org/ncbigene/	tio:TIO_000024	protein is product of gene	is product of gene	tio:TIO_000025	gene has protein as product	has gene product	twoTimesAYear	"zcat $TOGOID_ROOT/input/oma_protein/oma-entrez.txt.gz | awk -F \"\\t\" '/^[^#]/&&$2~/^[0-9]+$/{split($2, a, \"; \"); for(k in a){print $1 \"\\t\" a[k]}}'"
oma_protein-uniprot	nbdc02221	Protein	OMA protein	http://identifiers.org/oma.protein/	nbdc00221	Protein	UniProt	http://purl.uniprot.org/uniprot/	tio:TIO_000002	is equivalent to	is equivalent to	tio:TIO_000002	is equivalent to	is equivalent to	twoTimesAYear	"zgrep -vE \"(^#)|_\" $TOGOID_ROOT/input/oma_protein/oma-uniprot.txt.gz"
orphanet_gene-ensembl_gene	nbdc01422	Gene	Orphanet gene	http://identifiers.org/orphanet.ordo/Orphanet_	nbdc00054	Gene	Ensembl gene	http://identifiers.org/ensembl/	tio:TIO_000002	is equivalent to	is equivalent to	tio:TIO_000002	is equivalent to	is equivalent to	Irregular	"sparql_csv2tsv.sh query.rq https://rdfportal.org/bioportal/sparql"
orphanet_gene-hgnc	nbdc01422	Gene	Orphanet gene	http://identifiers.org/orphanet.ordo/Orphanet_	nbdc01774	Gene	HGNC	http://identifiers.org/hgnc/	tio:TIO_000002	is equivalent to	is equivalent to	tio:TIO_000002	is equivalent to	is equivalent to	Irregular	"sparql_csv2tsv.sh query.rq https://rdfportal.org/bioportal/sparql"
orphanet_gene-omim_gene	nbdc01422	Gene	Orphanet gene	http://identifiers.org/orphanet.ordo/Orphanet_	nbdc00154	Gene	OMIM gene	http://identifiers.org/mim/	tio:TIO_000002	is equivalent to	is equivalent to	tio:TIO_000002	is equivalent to	is equivalent to	Irregular	"sparql_csv2tsv.sh query.rq https://rdfportal.org/bioportal/sparql"
orphanet_gene-uniprot	nbdc01422	Gene	Orphanet gene	http://identifiers.org/orphanet.ordo/Orphanet_	nbdc00221	Protein	UniProt	http://purl.uniprot.org/uniprot/	tio:TIO_000025	gene has protein as product	has gene product	tio:TIO_000024	protein is product of gene	is product of gene	Irregular	"sparql_csv2tsv.sh query.rq https://rdfportal.org/bioportal/sparql"
orphanet_phenotype-meddra	nbdc01422	Phenotype	Orphanet phenotype	http://identifiers.org/orphanet.ordo/Orphanet_	nbdc02564	Phenotype	MedDRA	http://identifiers.org/meddra/	tio:TIO_000001	is nearly equivalent to	is nearly equivalent to	tio:TIO_000001	is nearly equivalent to	is nearly equivalent to	Irregular	"sparql_csv2tsv.sh query.rq https://rdfportal.org/bioportal/sparql"
orphanet_phenotype-mesh	nbdc01422	Phenotype	Orphanet phenotype	http://identifiers.org/orphanet.ordo/Orphanet_	nbdc00132	Phenotype	MeSH	http://id.nlm.nih.gov/mesh/	tio:TIO_000001	is nearly equivalent to	is nearly equivalent to	tio:TIO_000001	is nearly equivalent to	is nearly equivalent to	Irregular	"sparql_csv2tsv.sh query.rq https://rdfportal.org/bioportal/sparql"
orphanet_phenotype-omim_phenotype	nbdc01422	Phenotype	Orphanet phenotype	http://identifiers.org/orphanet.ordo/Orphanet_	nbdc00154	Phenotype	OMIM phenotype	http://identifiers.org/mim/	tio:TIO_000001	is nearly equivalent to	is nearly equivalent to	tio:TIO_000001	is nearly equivalent to	is nearly equivalent to	Irregular	"sparql_csv2tsv.sh query.rq https://rdfportal.org/bioportal/sparql"
orphanet_phenotype-orphanet_gene	nbdc01422	Phenotype	Orphanet phenotype	http://identifiers.org/orphanet.ordo/Orphanet_	nbdc01422	Gene	Orphanet gene	http://identifiers.org/orphanet.ordo/Orphanet_	tio:TIO_000010	has related phenotype	has related phenotype	tio:TIO_000011	phenotype is related with	is related with	Irregular	"sparql_csv2tsv.sh query.rq https://rdfportal.org/bioportal/sparql"
pdb-go	nbdc00156	Structure	PDB	http://rdf.wwpdb.org/pdb/	nbdc00074	Function	Gene ontology	http://purl.obolibrary.org/obo/GO_	tio:TIO_000004	has GO annotation	has GO annotation	tio:TIO_000007	is GO annotation of	is GO annotation of	Monthly	"bash retrieve.sh"
pdb-interpro	nbdc00156	Structure	PDB	http://rdf.wwpdb.org/pdb/	nbdc00108	Domain	InterPro	http://identifiers.org/interpro/	tio:TIO_000013	protein has protein domain	has protein domain	tio:TIO_000015	protein domain is in protein	is in protein	Monthly	"sparql_csv2tsv.sh query.rq https://rdfportal.org/pdb/sparql"
pdb-pdb_ccd	nbdc00156	Structure	PDB	http://rdf.wwpdb.org/pdb/	nbdc01766	Compound	PDB CCD	http://identifiers.org/pdb-ccd/	tio:TIO_000096	3D structure has compound	has compound	tio:TIO_000097	compound is component of 3D structure	is component of	Monthly	"sparql_csv2tsv.sh query.rq https://rdfportal.org/pdb/sparql"
pdb-pfam	nbdc00156	Structure	PDB	http://rdf.wwpdb.org/pdb/	nbdc00163	Domain	Pfam	http://identifiers.org/pfam/	tio:TIO_000013	protein has protein domain	has protein domain	tio:TIO_000015	protein domain is in protein	is in protein	Monthly	"sparql_csv2tsv.sh query.rq https://rdfportal.org/pdb/sparql"
pdb-uniprot	nbdc00156	Structure	PDB	http://rdf.wwpdb.org/pdb/	nbdc00221	Protein	UniProt	http://purl.uniprot.org/uniprot/	tio:TIO_000027	is 3D structure of protein	is 3D structure of	tio:TIO_000026	protein has 3D structure	has 3D structure	Monthly	"sparql_csv2tsv.sh query.rq https://rdfportal.org/pdb/sparql"
prosite-prosite_prorule	nbdc00241	Domain	PROSITE	http://identifiers.org/prosite/	nbdc00241	AnnotationRule	PROSITE ProRule	https://prosite.expasy.org/rule/	tio:TIO_000114	domain has annotation rule	has annotation rule	tio:TIO_000115	is annotation rule of	is annotation rule of	Bimonthly	"awk -f $TOGOID_ROOT/bin/prosite_prorule.awk $TOGOID_ROOT/input/prosite/prosite.dat"
pubchem_compound-atc	nbdc00641	Compound	PubChem compound	http://rdf.ncbi.nlm.nih.gov/pubchem/compound/CID	FIXME	Drug	ATC classification	http://identifiers.org/atc/	tio:TIO_000088	drug classification classifies compound	classifies	tio:TIO_000089	compound is classified as drug classification	is classified as	Monthly	"sparql_csv2tsv.sh query.rq https://rdfportal.org/pubchem/sparql"
pubchem_compound-chebi	nbdc00641	Compound	PubChem compound	http://rdf.ncbi.nlm.nih.gov/pubchem/compound/CID	nbdc00027	Compound	ChEBI compound	http://purl.obolibrary.org/obo/CHEBI_	tio:TIO_000001	is nearly equivalent to	is nearly equivalent to	tio:TIO_000001	is nearly equivalent to	is nearly equivalent to	Weekly	"sparql_csv2tsv.sh query.rq https://rdfportal.org/pubchem/sparql"
pubchem_compound-chembl_compound	nbdc00641	Compound	PubChem compound	http://rdf.ncbi.nlm.nih.gov/pubchem/compound/CID	nbdc02555	Compound	ChEMBL compound	http://identifiers.org/chembl.compound/	tio:TIO_000001	is nearly equivalent to	is nearly equivalent to	tio:TIO_000001	is nearly equivalent to	is nearly equivalent to	Weekly	"bash retrieve.sh"
pubchem_compound-drugbank	nbdc00641	Compound	PubChem compound	http://rdf.ncbi.nlm.nih.gov/pubchem/compound/CID	nbdc01071	Drug	DrugBank	http://identifiers.org/drugbank/	tio:TIO_000001	is nearly equivalent to	is nearly equivalent to	tio:TIO_000001	is nearly equivalent to	is nearly equivalent to	Weekly	"sparql_csv2tsv.sh query.rq https://rdfportal.org/pubchem/sparql"
pubchem_compound-glytoucan	nbdc00641	Compound	PubChem compound	http://rdf.ncbi.nlm.nih.gov/pubchem/compound/CID	nbdc01535	Glycan	GlyTouCan	http://identifiers.org/glytoucan/	tio:TIO_000001	is nearly equivalent to	is nearly equivalent to	tio:TIO_000001	is nearly equivalent to	is nearly equivalent to	threeTimesAYear	"sparql_csv2tsv.sh query.rq https://rdfportal.org/pubchem/sparql"
pubchem_compound-inchi_key	nbdc00641	Compound	PubChem compound	http://rdf.ncbi.nlm.nih.gov/pubchem/compound/CID	FIXME	Compound	InChIKey	http://identifiers.org/inchikey/	tio:TIO_000020	compound is represented as InChIKey	is represented as	tio:TIO_000021	InChIKey represents compound	represents	Three Month	"bash retrieve.sh"
pubchem_pathway-ncbigene	nbdc02626	Pathway	PubChem pathway	http://rdf.ncbi.nlm.nih.gov/pubchem/pathway/PWID	nbdc00073	Gene	NCBI gene	http://identifiers.org/ncbigene/	tio:TIO_000084	pathway has participant gene	has participant gene	tio:TIO_000085	gene participates in pathway	participates in pathway	Weekly	"sparql_csv2tsv.sh query.rq https://rdfportal.org/pubchem/sparql"
pubchem_pathway-pathbank	nbdc02626	Pathway	PubChem pathway	http://rdf.ncbi.nlm.nih.gov/pubchem/pathway/PWID	FIXME	Pathway	Pathbank	http://pathbank.org/view/	tio:TIO_000002	is equivalent to	is equivalent to	tio:TIO_000002	is equivalent to	is equivalent to	Weekly	"sparql_csv2tsv.sh query.rq https://rdfportal.org/pubchem/sparql"
pubchem_pathway-pubchem_compound	nbdc02626	Pathway	PubChem pathway	http://rdf.ncbi.nlm.nih.gov/pubchem/pathway/PWID	nbdc00641	Compound	PubChem compound	http://rdf.ncbi.nlm.nih.gov/pubchem/compound/CID	tio:TIO_000068	pathway has participant molecule	has participant molecule	tio:TIO_000069	molecule participates in pathway	participates in pathway	Weekly	"bash retrieve.sh"
pubchem_pathway-reactome_pathway	nbdc02626	Pathway	PubChem pathway	http://rdf.ncbi.nlm.nih.gov/pubchem/pathway/PWID	nbdc00185	Pathway	Reactome pathway	http://identifiers.org/reactome/	tio:TIO_000002	is equivalent to	is equivalent to	tio:TIO_000002	is equivalent to	is equivalent to	Weekly	"sparql_csv2tsv.sh query.rq https://rdfportal.org/pubchem/sparql"
pubchem_pathway-uniprot	nbdc02626	Pathway	PubChem pathway	http://rdf.ncbi.nlm.nih.gov/pubchem/pathway/PWID	nbdc00221	Protein	UniProt	http://purl.uniprot.org/uniprot/	tio:TIO_000068	pathway has participant molecule	has participant molecule	tio:TIO_000069	molecule participates in pathway	participates in pathway	Weekly	"bash retrieve.sh"
pubchem_pathway-wikipathways	nbdc02626	Pathway	PubChem pathway	http://rdf.ncbi.nlm.nih.gov/pubchem/pathway/PWID	nbdc02116	Pathway	WikiPathways	http://identifiers.org/wikipathways/	tio:TIO_000002	is equivalent to	is equivalent to	tio:TIO_000002	is equivalent to	is equivalent to	Weekly	"sparql_csv2tsv.sh query.rq https://rdfportal.org/pubchem/sparql"
reactome_pathway-chebi	nbdc00185	Pathway	Reactome pathway	http://identifiers.org/reactome/	nbdc00027	Compound	ChEBI compound	http://purl.obolibrary.org/obo/CHEBI_	tio:TIO_000068	pathway has participant molecule	has participant molecule	tio:TIO_000069	molecule participates in pathway	participates in pathway	Monthly	"awk -F '\\t' '{print $2 \"\\t\" $1}' $TOGOID_ROOT/input/reactome/ChEBI2Reactome_All_Levels.txt"
reactome_pathway-go	nbdc00185	Pathway	Reactome pathway	http://identifiers.org/reactome/	nbdc00074	Function	Gene ontology	http://purl.obolibrary.org/obo/GO_	tio:TIO_000005	has GO biological process	has GO biological process	tio:TIO_000008	is GO biological process of	is GO biological process of	Monthly	"sparql_csv2tsv.sh query.rq https://rdfportal.org/ebi/sparql"
reactome_pathway-iuphar_ligand	nbdc00185	Pathway	Reactome pathway	http://identifiers.org/reactome/	FIXME	Compound	IUPHAR ligand	http://identifiers.org/iuphar.ligand/	tio:TIO_000068	pathway has participant molecule	has participant molecule	tio:TIO_000069	molecule participates in pathway	participates in pathway	Monthly	"awk -F '\\t' '{print $2 \"\\t\" $1}' $TOGOID_ROOT/input/reactome/GtoP2Reactome_All_Levels.txt"
reactome_pathway-mirbase	nbdc00185	Pathway	Reactome pathway	http://identifiers.org/reactome/	nbdc00136	Transcript	miRBase	http://identifiers.org/mirbase/	tio:TIO_000068	pathway has participant molecule	has participant molecule	tio:TIO_000069	molecule participates in pathway	participates in pathway	Monthly	"awk -F '\\t' '{print $2 \"\\t\" $1}' $TOGOID_ROOT/input/reactome/miRBase2Reactome_All_Levels.txt"
reactome_pathway-reactome_reaction	nbdc00185	Pathway	Reactome pathway	http://identifiers.org/reactome/	nbdc00185	Reaction	Reactome reaction	http://identifiers.org/reactome/	tio:TIO_000070	pathway has participant reaction	has participant reaction	tio:TIO_000071	reaction participates in pathway	participates in pathway	Monthly	"sparql_csv2tsv.sh query.rq https://rdfportal.org/ebi/sparql"
reactome_pathway-uniprot	nbdc00185	Pathway	Reactome pathway	http://identifiers.org/reactome/	nbdc00221	Protein	UniProt	http://purl.uniprot.org/uniprot/	tio:TIO_000068	pathway has participant molecule	has participant molecule	tio:TIO_000069	molecule participates in pathway	participates in pathway	Monthly	"awk -F '\\t' '{gsub(/-[0-9]+$/, \"\", $1);print $2 \"\\t\" $1}' $TOGOID_ROOT/input/reactome/UniProt2Reactome_All_Levels.txt"
reactome_reaction-chebi	nbdc00185	Reaction	Reactome reaction	http://identifiers.org/reactome/	nbdc00027	Compound	ChEBI compound	http://purl.obolibrary.org/obo/CHEBI_	tio:TIO_000077	reaction has participant molecule	has participant molecule	tio:TIO_000076	molecule participates in reaction	participates in reaction	Monthly	"awk -F '\\t' '{print $2 \"\\t\" $1}' $TOGOID_ROOT/input/reactome/ChEBI2ReactomeReactions.txt"
reactome_reaction-go	nbdc00185	Reaction	Reactome reaction	http://identifiers.org/reactome/	nbdc00074	Function	Gene ontology	http://purl.obolibrary.org/obo/GO_	tio:TIO_000005	has GO biological process	has GO biological process	tio:TIO_000008	is GO biological process of	is GO biological process of	Monthly	"sparql_csv2tsv.sh query.rq https://rdfportal.org/ebi/sparql"
reactome_reaction-iuphar_ligand	nbdc00185	Reaction	Reactome reaction	http://identifiers.org/reactome/	FIXME	Compound	IUPHAR ligand	http://identifiers.org/iuphar.ligand/	tio:TIO_000077	reaction has participant molecule	has participant molecule	tio:TIO_000076	molecule participates in reaction	participates in reaction	Monthly	"awk -F '\\t' '{print $2 \"\\t\" $1}' $TOGOID_ROOT/input/reactome/GtoP2ReactomeReactions.txt"
reactome_reaction-mirbase	nbdc00185	Reaction	Reactome reaction	http://identifiers.org/reactome/	nbdc00136	Transcript	miRBase	http://identifiers.org/mirbase/	tio:TIO_000077	reaction has participant molecule	has participant molecule	tio:TIO_000076	molecule participates in reaction	participates in reaction	Monthly	"awk -F '\\t' '{print $2 \"\\t\" $1}' $TOGOID_ROOT/input/reactome/miRBase2ReactomeReactions.txt"
reactome_reaction-uniprot	nbdc00185	Reaction	Reactome reaction	http://identifiers.org/reactome/	nbdc00221	Protein	UniProt	http://purl.uniprot.org/uniprot/	tio:TIO_000077	reaction has participant molecule	has participant molecule	tio:TIO_000076	molecule participates in reaction	participates in reaction	Monthly	"awk -F '\\t' '{gsub(/-[0-9]+$/, \"\", $1);print $2 \"\\t\" $1}' $TOGOID_ROOT/input/reactome/UniProt2ReactomeReactions.txt"
refseq_protein-uniprot	nbdc00187	Protein	RefSeq protein	http://identifiers.org/refseq/	nbdc00221	Protein	UniProt	http://purl.uniprot.org/uniprot/	tio:TIO_000001	is nearly equivalent to	is nearly equivalent to	tio:TIO_000001	is nearly equivalent to	is nearly equivalent to	Monthly	"gzip -dc $TOGOID_ROOT/input/refseq_protein/gene_refseq_uniprotkb_collab.gz | awk -F \"\\t\" '!/^#/ && $1 && $2{print gensub(/\\.[0-9]+$/,\"\",\"g\",$1) \"\\t\" $2}' | awk '!a[$0]++'"
refseq_rna-dbsnp	nbdc00187	Transcript	RefSeq RNA	http://identifiers.org/refseq/	nbdc00206	Variant	dbSNP	http://identifiers.org/dbsnp/	tio:TIO_000063	sequence has variant	has variant	tio:TIO_000062	variant is located in sequence	is located in	Bimonthly	"awk -F \"\\t\" '$1&&$10{split($10, b, \",\"); for(k in b){if(!a[$1, b[k]]++)print $1 \"\\t\" b[k]}}' $TOGOID_ROOT/input/refseq_rna/refseq_rna_summary.tsv"
refseq_rna-hgnc	nbdc00187	Transcript	RefSeq RNA	http://identifiers.org/refseq/	nbdc01774	Gene	HGNC	http://identifiers.org/hgnc/	tio:TIO_000034	transcript is transcribed from gene	is transcribed from	tio:TIO_000035	gene is transcribed to transcript	is transcribed to	Bimonthly	"awk -F \"\\t\" '$1&&$6&&!a[$1, $6]++{print $1 \"\\t\" gensub(\"HGNC:\", \"\", \"g\", $6)}' $TOGOID_ROOT/input/refseq_rna/refseq_rna_summary.tsv"
refseq_rna-ncbigene	nbdc00187	Transcript	RefSeq RNA	http://identifiers.org/refseq/	nbdc00073	Gene	NCBI gene	http://identifiers.org/ncbigene/	tio:TIO_000034	transcript is transcribed from gene	is transcribed from	tio:TIO_000035	gene is transcribed to transcript	is transcribed to	Bimonthly	"awk -F \"\\t\" '$1&&$5&&!a[$1, $5]++{print $1 \"\\t\" $5}' $TOGOID_ROOT/input/refseq_rna/refseq_rna_summary.tsv"
refseq_rna-omim_gene	nbdc00187	Transcript	RefSeq RNA	http://identifiers.org/refseq/	nbdc00154	Gene	OMIM gene	http://identifiers.org/mim/	tio:TIO_000034	transcript is transcribed from gene	is transcribed from	tio:TIO_000035	gene is transcribed to transcript	is transcribed to	Bimonthly	"awk -F \"\\t\" '$1&&$8{split($8, b, \",\"); for(k in b){if(!a[$1, b[k]]++)print $1 \"\\t\" b[k]}}' $TOGOID_ROOT/input/refseq_rna/refseq_rna_summary.tsv"
refseq_rna-pubmed	nbdc00187	Transcript	RefSeq RNA	http://identifiers.org/refseq/	nbdc00179	Literature	PubMed	http://rdf.ncbi.nlm.nih.gov/pubmed/	tio:TIO_000032	has reference	has reference	tio:TIO_000033	is reference of	is reference of	Bimonthly	"awk -F \"\\t\" '$1&&$9{split($9, b, \",\"); for(k in b){if(!a[$1, b[k]]++)print $1 \"\\t\" b[k]}}' $TOGOID_ROOT/input/refseq_rna/refseq_rna_summary.tsv"
refseq_rna-refseq_protein	nbdc00187	Transcript	RefSeq RNA	http://identifiers.org/refseq/	nbdc00187	Protein	RefSeq protein	http://identifiers.org/refseq/	tio:TIO_000036	transcript is translated to protein	is translated to	tio:TIO_000037	protein is translated from transcript	is tranlated from	Bimonthly	"awk -F \"\\t\" '$1&&$7&&!a[$1, $7]++{print $1 \"\\t\" $7}' $TOGOID_ROOT/input/refseq_rna/refseq_rna_summary.tsv"
refseq_rna-taxonomy	nbdc00187	Transcript	RefSeq RNA	http://identifiers.org/refseq/	nbdc00700	Organism	Taxonomy	http://identifiers.org/taxonomy/	tio:TIO_000064	is gene of organism	is gene of organism	tio:TIO_000065	organism has gene	has gene	Bimonthly	"awk -F \"\\t\" '$1&&$3&&!a[$1, $3]++{print $1 \"\\t\" $3}' $TOGOID_ROOT/input/refseq_rna/refseq_rna_summary.tsv"
rhea-chebi	nbdc02083	Reaction	Rhea	http://identifiers.org/rhea/	nbdc00027	Compound	ChEBI compound	http://purl.obolibrary.org/obo/CHEBI_	tio:TIO_000077	reaction has participant molecule	has participant molecule	tio:TIO_000076	molecule participates in reaction	participates in reaction	Monthly	"sparql_csv2tsv.sh query.rq https://rdfportal.org/sib/sparql"
rhea-ec	nbdc02083	Reaction	Rhea	http://identifiers.org/rhea/	nbdc01883	Function	Enzyme nomenclature	http://identifiers.org/ec-code/	tio:TIO_000001	is nearly equivalent to	is nearly equivalent to	tio:TIO_000001	is nearly equivalent to	is nearly equivalent to	Bimonthly	"sparql_csv2tsv.sh query.rq https://rdfportal.org/sib/sparql"
rhea-go	nbdc02083	Reaction	Rhea	http://identifiers.org/rhea/	nbdc00074	Function	Gene ontology	http://purl.obolibrary.org/obo/GO_	tio:TIO_000004	has GO annotation	has GO annotation	tio:TIO_000007	is GO annotation of	is GO annotation of	Bimonthly	"awk -F '\\t' 'FNR!=1 && !a[$2 $3]++{print $1 \"\\t\" gensub(\"GO:\",\"\",\"g\",$4)}' $TOGOID_ROOT/input/rhea/rhea2go.tsv"
rhea-pubmed	nbdc02083	Reaction	Rhea	http://identifiers.org/rhea/	nbdc00179	Literature	PubMed	http://rdf.ncbi.nlm.nih.gov/pubmed/	tio:TIO_000032	has reference	has reference	tio:TIO_000033	is reference of	is reference of	Bimonthly	"sparql_csv2tsv.sh query.rq https://rdfportal.org/sib/sparql"
rhea-reactome_reaction	nbdc02083	Reaction	Rhea	http://identifiers.org/rhea/	nbdc00185	Reaction	Reactome reaction	http://identifiers.org/reactome/	tio:TIO_000001	is nearly equivalent to	is nearly equivalent to	tio:TIO_000001	is nearly equivalent to	is nearly equivalent to	Bimonthly	"sparql_csv2tsv.sh query.rq https://rdfportal.org/sib/sparql"
rhea-uniprot	nbdc02083	Reaction	Rhea	http://identifiers.org/rhea/	nbdc00221	Protein	UniProt	http://purl.uniprot.org/uniprot/	tio:TIO_000077	reaction has participant molecule	has participant molecule	tio:TIO_000076	molecule participates in reaction	participates in reaction	Bimonthly	"awk -F \"\\t\" 'FNR>=2{print $1 \"\\t\" $4}' $TOGOID_ROOT/input/rhea/rhea2uniprot_trembl.tsv $TOGOID_ROOT/input/rhea/rhea2uniprot_sprot.tsv"
sra_accession-bioproject	nbdc00687	Submission	SRA accession	http://identifiers.org/insdc.sra/	nbdc00476	Project	BioProject	http://identifiers.org/bioproject/	tio:TIO_000041	submission includes project	includes project	tio:TIO_000051	project belongs to submission	belongs to submission	Daily	"awk 'BEGIN{ FS=OFS=\"\t\" } $1 ~ /^.RP/ { print $2, $19 }' \"${TOGOID_ROOT}/input/sra/SRA_Accessions.tab\" | awk -F'\t' '$1 ~ /^(SR|ER|DR|SAM|PRJ)[A-Z]{1,}[0-9]{1,}/ && $2 ~ /^(SR|ER|DR|SAM|PRJ)[A-Z]{1,}[0-9]{1,}/' | sort -u"
sra_accession-biosample	nbdc00687	Submission	SRA accession	http://identifiers.org/insdc.sra/	nbdc01983	Sample	BioSample	http://identifiers.org/biosample/	tio:TIO_000042	submission includes sample	includes sample	tio:TIO_000052	sample belongs to submission	belongs to submission	Daily	"awk 'BEGIN{ FS=OFS=\"\t\" } $1 ~ /^.RS/ { print $2, $18 }' \"${TOGOID_ROOT}/input/sra/SRA_Accessions.tab\" | awk -F'\t' '$1 ~ /^(SR|ER|DR|SAM|PRJ)[A-Z]{1,}[0-9]{1,}/ && $2 ~ /^(SR|ER|DR|SAM|PRJ)[A-Z]{1,}[0-9]{1,}/' | sort -u"
sra_accession-sra_analysis	nbdc00687	Submission	SRA accession	http://identifiers.org/insdc.sra/	nbdc00687	Analysis	SRA analysis	http://identifiers.org/insdc.sra/	tio:TIO_000038	submission includes analysis	includes analysis	tio:TIO_000048	analysis belongs to submission	belongs to submission	Daily	"awk 'BEGIN{ FS=OFS=\"\t\" } $1 ~ /^.RZ/ { print $2, $1 }' \"${TOGOID_ROOT}/input/sra/SRA_Accessions.tab\" | awk -F'\t' '$1 ~ /^(SR|ER|DR|SAM|PRJ)[A-Z]{1,}[0-9]{1,}/ && $2 ~ /^(SR|ER|DR|SAM|PRJ)[A-Z]{1,}[0-9]{1,}/' | sort -u"
sra_accession-sra_experiment	nbdc00687	Submission	SRA accession	http://identifiers.org/insdc.sra/	nbdc00687	Experiment	SRA experiment	http://identifiers.org/insdc.sra/	tio:TIO_000039	submission includes experiment	includes experiment	tio:TIO_000049	experiment belongs to submission	belongs to submission	Daily	"awk 'BEGIN{ FS=OFS=\"\t\" } $1 ~ /^.RX/ { print $2, $1 }' \"${TOGOID_ROOT}/input/sra/SRA_Accessions.tab\" | awk -F'\t' '$1 ~ /^(SR|ER|DR|SAM|PRJ)[A-Z]{1,}[0-9]{1,}/ && $2 ~ /^(SR|ER|DR|SAM|PRJ)[A-Z]{1,}[0-9]{1,}/' | sort -u"
sra_accession-sra_project	nbdc00687	Submission	SRA accession	http://identifiers.org/insdc.sra/	nbdc00687	Project	SRA project	http://identifiers.org/insdc.sra/	tio:TIO_000041	submission includes project	includes project	tio:TIO_000051	project belongs to submission	belongs to submission	Daily	"awk 'BEGIN{ FS=OFS=\"\t\" } $1 ~ /^.RP/ { print $2, $1 }' \"${TOGOID_ROOT}/input/sra/SRA_Accessions.tab\" | awk -F'\t' '$1 ~ /^(SR|ER|DR|SAM|PRJ)[A-Z]{1,}[0-9]{1,}/ && $2 ~ /^(SR|ER|DR|SAM|PRJ)[A-Z]{1,}[0-9]{1,}/' | sort -u"
sra_accession-sra_run	nbdc00687	Submission	SRA accession	http://identifiers.org/insdc.sra/	nbdc00687	SequenceRun	SRA run	http://identifiers.org/insdc.sra/	tio:TIO_000045	submission includes sequence run	includes sequence run	tio:TIO_000055	sequence run belongs to submission	belongs to submission	Daily	"awk 'BEGIN{ FS=OFS=\"\t\" } $1 ~ /^.RR/ { print $2, $1 }' \"${TOGOID_ROOT}/input/sra/SRA_Accessions.tab\" | awk -F'\t' '$1 ~ /^(SR|ER|DR|SAM|PRJ)[A-Z]{1,}[0-9]{1,}/ && $2 ~ /^(SR|ER|DR|SAM|PRJ)[A-Z]{1,}[0-9]{1,}/' | sort -u"
sra_accession-sra_sample	nbdc00687	Submission	SRA accession	http://identifiers.org/insdc.sra/	nbdc00687	Sample	SRA sample	http://identifiers.org/insdc.sra/	tio:TIO_000042	submission includes sample	includes sample	tio:TIO_000052	sample belongs to submission	belongs to submission	Daily	"awk 'BEGIN{ FS=OFS=\"\t\" } $1 ~ /^.RS/ { print $2, $1 }' \"${TOGOID_ROOT}/input/sra/SRA_Accessions.tab\" | awk -F'\t' '$1 ~ /^(SR|ER|DR|SAM|PRJ)[A-Z]{1,}[0-9]{1,}/ && $2 ~ /^(SR|ER|DR|SAM|PRJ)[A-Z]{1,}[0-9]{1,}/' | sort -u"
sra_experiment-bioproject	nbdc00687	Experiment	SRA experiment	http://identifiers.org/insdc.sra/	nbdc00476	Project	BioProject	http://identifiers.org/bioproject/	tio:TIO_000050	experiment belongs to project	belongs to project	tio:TIO_000040	project performs experiment	performs experiment	Daily	"awk 'BEGIN{ FS=OFS=\"\t\" } $1 ~ /^.RX/ { print $1, $19 }' \"${TOGOID_ROOT}/input/sra/SRA_Accessions.tab\" | awk -F'\t' '$1 ~ /^(SR|ER|DR|SAM|PRJ)[A-Z]{1,}[0-9]{1,}/ && $2 ~ /^(SR|ER|DR|SAM|PRJ)[A-Z]{1,}[0-9]{1,}/'"
sra_experiment-biosample	nbdc00687	Experiment	SRA experiment	http://identifiers.org/insdc.sra/	nbdc01983	Sample	BioSample	http://identifiers.org/biosample/	tio:TIO_000043	experiment captures sample	captures sample	tio:TIO_000053	sample is captured to perform experiment	is captured to perform experiment	Daily	"awk 'BEGIN{ FS=OFS=\"\t\" } $1 ~ /^.RX/ { print $1, $18 }' \"${TOGOID_ROOT}/input/sra/SRA_Accessions.tab\" | awk -F'\t' '$1 ~ /^(SR|ER|DR|SAM|PRJ)[A-Z]{1,}[0-9]{1,}/ && $2 ~ /^(SR|ER|DR|SAM|PRJ)[A-Z]{1,}[0-9]{1,}/'"
sra_experiment-sra_project	nbdc00687	Experiment	SRA experiment	http://identifiers.org/insdc.sra/	nbdc00687	Project	SRA project	http://identifiers.org/insdc.sra/	tio:TIO_000050	experiment belongs to project	belongs to project	tio:TIO_000040	project performs experiment	performs experiment	Daily	"awk 'BEGIN{ FS=OFS=\"\t\" } $1 ~ /^.RX/ { print $1, $13 }' \"${TOGOID_ROOT}/input/sra/SRA_Accessions.tab\" | awk -F'\t' '$1 ~ /^(SR|ER|DR|SAM|PRJ)[A-Z]{1,}[0-9]{1,}/ && $2 ~ /^(SR|ER|DR|SAM|PRJ)[A-Z]{1,}[0-9]{1,}/'"
sra_experiment-sra_sample	nbdc00687	Experiment	SRA experiment	http://identifiers.org/insdc.sra/	nbdc00687	Sample	SRA sample	http://identifiers.org/insdc.sra/	tio:TIO_000043	experiment captures sample	captures sample	tio:TIO_000053	sample is captured to perform experiment	is captured to perform experiment	Daily	"awk 'BEGIN{ FS=OFS=\"\t\" } $1 ~ /^.RX/ { print $1, $12 }' \"${TOGOID_ROOT}/input/sra/SRA_Accessions.tab\" | awk -F'\t' '$1 ~ /^(SR|ER|DR|SAM|PRJ)[A-Z]{1,}[0-9]{1,}/ && $2 ~ /^(SR|ER|DR|SAM|PRJ)[A-Z]{1,}[0-9]{1,}/'"
sra_project-bioproject	nbdc00687	Project	SRA project	http://identifiers.org/insdc.sra/	nbdc00476	Project	BioProject	http://identifiers.org/bioproject/	tio:TIO_000002	is equivalent to	is equivalent to	tio:TIO_000002	is equivalent to	is equivalent to	Daily	"awk 'BEGIN{ FS=OFS=\"\t\" } $1 ~ /^.RP/ { print $1, $19 }' \"${TOGOID_ROOT}/input/sra/SRA_Accessions.tab\" | awk -F'\t' '$1 ~ /^(SR|ER|DR|SAM|PRJ)[A-Z]{1,}[0-9]{1,}/ && $2 ~ /^(SR|ER|DR|SAM|PRJ)[A-Z]{1,}[0-9]{1,}/'"
sra_run-bioproject	nbdc00687	SequenceRun	SRA run	http://identifiers.org/insdc.sra/	nbdc00476	Project	BioProject	http://identifiers.org/bioproject/	tio:TIO_000056	sequence run belongs to project	belongs to project	tio:TIO_000046	project produces sequence run	produces sequence run	Daily	"awk 'BEGIN{ FS=OFS=\"\t\" } $1 ~ /^.RR/ { print $1, $19 }' \"${TOGOID_ROOT}/input/sra/SRA_Accessions.tab\" | awk -F'\t' '$1 ~ /^(SR|ER|DR|SAM|PRJ)[A-Z]{1,}[0-9]{1,}/ && $2 ~ /^(SR|ER|DR|SAM|PRJ)[A-Z]{1,}[0-9]{1,}/'"
sra_run-biosample	nbdc00687	SequenceRun	SRA run	http://identifiers.org/insdc.sra/	nbdc01983	Sample	BioSample	http://identifiers.org/biosample/	tio:TIO_000044	sequence run is produced from sample	is produced from sample	tio:TIO_000054	sample is captured to produce sequence run	is captured to produce sequence run	Daily	"awk 'BEGIN{ FS=OFS=\"\t\" } $1 ~ /^.RR/ { print $1, $18 }' \"${TOGOID_ROOT}/input/sra/SRA_Accessions.tab\" | awk -F'\t' '$1 ~ /^(SR|ER|DR|SAM|PRJ)[A-Z]{1,}[0-9]{1,}/ && $2 ~ /^(SR|ER|DR|SAM|PRJ)[A-Z]{1,}[0-9]{1,}/'"
sra_run-sra_experiment	nbdc00687	SequenceRun	SRA run	http://identifiers.org/insdc.sra/	nbdc00687	Experiment	SRA experiment	http://identifiers.org/insdc.sra/	tio:TIO_000057	sequence run is produced in experiment	is produced in experiment	tio:TIO_000047	experiment produces sequence run	produces sequence run	Daily	"awk 'BEGIN{ FS=OFS=\"\t\" } $1 ~ /^.RR/ { print $1, $11 }' \"${TOGOID_ROOT}/input/sra/SRA_Accessions.tab\" | awk -F'\t' '$1 ~ /^(SR|ER|DR|SAM|PRJ)[A-Z]{1,}[0-9]{1,}/ && $2 ~ /^(SR|ER|DR|SAM|PRJ)[A-Z]{1,}[0-9]{1,}/'"
sra_run-sra_project	nbdc00687	SequenceRun	SRA run	http://identifiers.org/insdc.sra/	nbdc00687	Project	SRA project	http://identifiers.org/insdc.sra/	tio:TIO_000056	sequence run belongs to project	belongs to project	tio:TIO_000046	project produces sequence run	produces sequence run	Daily	"awk 'BEGIN{ FS=OFS=\"\t\" } $1 ~ /^.RR/ { print $1, $13 }' \"${TOGOID_ROOT}/input/sra/SRA_Accessions.tab\" | awk -F'\t' '$1 ~ /^(SR|ER|DR|SAM|PRJ)[A-Z]{1,}[0-9]{1,}/ && $2 ~ /^(SR|ER|DR|SAM|PRJ)[A-Z]{1,}[0-9]{1,}/'"
sra_run-sra_sample	nbdc00687	SequenceRun	SRA run	http://identifiers.org/insdc.sra/	nbdc00687	Sample	SRA sample	http://identifiers.org/insdc.sra/	tio:TIO_000044	sequence run is produced from sample	is produced from sample	tio:TIO_000054	sample is captured to produce sequence run	is captured to produce sequence run	Daily	"awk 'BEGIN{ FS=OFS=\"\t\" } $1 ~ /^.RR/ { print $1, $12 }' \"${TOGOID_ROOT}/input/sra/SRA_Accessions.tab\" | awk -F'\t' '$1 ~ /^(SR|ER|DR|SAM|PRJ)[A-Z]{1,}[0-9]{1,}/ && $2 ~ /^(SR|ER|DR|SAM|PRJ)[A-Z]{1,}[0-9]{1,}/'"
sra_sample-biosample	nbdc00687	Sample	SRA sample	http://identifiers.org/insdc.sra/	nbdc01983	Sample	BioSample	http://identifiers.org/biosample/	tio:TIO_000002	is equivalent to	is equivalent to	tio:TIO_000002	is equivalent to	is equivalent to	Daily	"awk 'BEGIN{ FS=OFS=\"\t\" } $1 ~ /^.RS/ { print $1, $18 }' \"${TOGOID_ROOT}/input/sra/SRA_Accessions.tab\" | awk -F'\t' '$1 ~ /^(SR|ER|DR|SAM|PRJ)[A-Z]{1,}[0-9]{1,}/ && $2 ~ /^(SR|ER|DR|SAM|PRJ)[A-Z]{1,}[0-9]{1,}/'"
swisslipids-chebi	nbdc02026	Lipid	SwissLipids	http://identifiers.org/slm/SLM:	nbdc00027	Compound	ChEBI compound	http://purl.obolibrary.org/obo/CHEBI_	tio:TIO_000002	is equivalent to	is equivalent to	tio:TIO_000002	is equivalent to	is equivalent to	Irregular	"awk -F '\\t' 'FNR!=1 && !a[$1 $25]++ && $25 {print gensub(\"SLM:\",\"\",\"g\",$1) \"\\t\" $25}' $TOGOID_ROOT/input/swisslipids/lipids.tsv"
swisslipids-hmdb	nbdc02026	Lipid	SwissLipids	http://identifiers.org/slm/SLM:	nbdc00909	Compound	HMDB	http://identifiers.org/hmdb/	tio:TIO_000002	is equivalent to	is equivalent to	tio:TIO_000002	is equivalent to	is equivalent to	Irregular	"awk -F '\\t' 'FNR!=1 && !a[$1 $27]++ && $27 {print gensub(\"SLM:\",\"\",\"g\",$1) \"\\t\" $27}' $TOGOID_ROOT/input/swisslipids/lipids.tsv"
swisslipids-inchi_key	nbdc02026	Lipid	SwissLipids	http://identifiers.org/slm/SLM:	FIXME	Compound	InChIKey	http://identifiers.org/inchikey/	tio:TIO_000020	compound is represented as InChIKey	is represented as	tio:TIO_000021	InChIKey represents compound	represents	Irregular	"awk -F '\\t' 'FNR!=1 && $11 && $11!=\"-\" && $11!~/none$/{print gensub(\"SLM:\",\"\",\"g\",$1) \"\\t\" gensub(\"InChIKey=\",\"\",\"g\",$11)}' $TOGOID_ROOT/input/swisslipids/lipids.tsv"
taxonomy-pubmed	nbdc00700	Organism	Taxonomy	http://identifiers.org/taxonomy/	nbdc00179	Literature	PubMed	http://rdf.ncbi.nlm.nih.gov/pubmed/	tio:TIO_000032	has reference	has reference	tio:TIO_000033	is reference of	is reference of	Daily	"awk 'BEGIN{FS=\"\\|\"}$4!=0 {split($7,a,\" \");for(k in a){gsub(/\\t/,\"\",$4); print a[k] \"\\t\"  $4}}' ${TOGOID_ROOT}/input/taxonomy/taxdump/citations.dmp"
togovar-clinvar	nbdc02359	Variant	TogoVar variant	http://identifiers.org/togovar/	nbdc01514	Variant	ClinVar variant	http://identifiers.org/clinvar/	tio:TIO_000058	variant has clinical significance	has clinical significance	tio:TIO_000059	is clinical significance of	is clinical significance of	Monthly	"sparql_csv2tsv.sh query.rq https://grch38.togovar.org/sparql"
togovar-dbsnp	nbdc02359	Variant	TogoVar variant	http://identifiers.org/togovar/	nbdc00206	Variant	dbSNP	http://identifiers.org/dbsnp/	tio:TIO_000003	variant has corresponding variant	has corresponding variant	tio:TIO_000003	variant has corresponding variant	has corresponding variant	Bimonthly	"curl -sSL https://grch38.togovar.org/public/togoid/tgvid2dbsnp.tsv"
togovar-ensembl_gene	nbdc02359	Variant	TogoVar variant	http://identifiers.org/togovar/	nbdc00054	Gene	Ensembl gene	http://identifiers.org/ensembl/	tio:TIO_000062	variant is located in sequence	is located in	tio:TIO_000063	sequence has variant	has variant	Bimonthly	"curl -sSL https://grch38.togovar.org/public/togoid/tgvid2ensembl.tsv"
togovar-ensembl_transcript	nbdc02359	Variant	TogoVar variant	http://identifiers.org/togovar/	nbdc00054	Transcript	Ensembl transcript	http://identifiers.org/ensembl/	tio:TIO_000062	variant is located in sequence	is located in	tio:TIO_000063	sequence has variant	has variant	Bimonthly	"curl -sSL https://grch38.togovar.org/public/togoid/tgvid2ensembl.transcript.tsv"
togovar-hgnc	nbdc02359	Variant	TogoVar variant	http://identifiers.org/togovar/	nbdc01774	Gene	HGNC	http://identifiers.org/hgnc/	tio:TIO_000062	variant is located in sequence	is located in	tio:TIO_000063	sequence has variant	has variant	Monthly	"curl -sSL https://grch38.togovar.org/public/togoid/tgvid2hgnc.tsv"
togovar-ncbigene	nbdc02359	Variant	TogoVar variant	http://identifiers.org/togovar/	nbdc00073	Gene	NCBI gene	http://identifiers.org/ncbigene/	tio:TIO_000062	variant is located in sequence	is located in	tio:TIO_000063	sequence has variant	has variant	Monthly	"curl -sSL https://grch38.togovar.org/public/togoid/tgvid2ncbigene.tsv"
togovar-pubmed	nbdc02359	Variant	TogoVar variant	http://identifiers.org/togovar/	nbdc00179	Literature	PubMed	http://rdf.ncbi.nlm.nih.gov/pubmed/	tio:TIO_000032	has reference	has reference	tio:TIO_000033	is reference of	is reference of	Monthly	"curl -sSL https://grch38.togovar.org/public/togoid/tgvid2pubmed.tsv"
togovar-refseq_rna	nbdc02359	Variant	TogoVar variant	http://identifiers.org/togovar/	nbdc00187	Transcript	RefSeq RNA	http://identifiers.org/refseq/	tio:TIO_000062	variant is located in sequence	is located in	tio:TIO_000063	sequence has variant	has variant	Monthly	"curl -sSL https://grch38.togovar.org/public/togoid/tgvid2refseqmRNA.tsv"
uberon-ncit_tissue	FIXME	Anatomy	UBERON	http://purl.obolibrary.org/obo/UBERON_	FIXME	Anatomy	NCIt tissue	http://purl.obolibrary.org/obo/NCIT_	tio:TIO_000001	is nearly equivalent to	is nearly equivalent to	tio:TIO_000001	is nearly equivalent to	is nearly equivalent to	Irregular	"sparql_csv2tsv.sh query.rq https://sparql.hegroup.org/sparql/"
uniprot-chembl_target	nbdc00221	Protein	UniProt	http://purl.uniprot.org/uniprot/	nbdc02555	Protein	ChEMBL target	http://identifiers.org/chembl.target/	tio:TIO_000002	is equivalent to	is equivalent to	tio:TIO_000002	is equivalent to	is equivalent to	Monthly	"uniprot_idmapping2tsv.rb ${TOGOID_ROOT}/input/uniprot/idmapping.dat.gz ChEMBL"
uniprot-dbsnp	nbdc00221	Protein	UniProt	http://purl.uniprot.org/uniprot/	nbdc00206	Variant	dbSNP	http://identifiers.org/dbsnp/	tio:TIO_000063	sequence has variant	has variant	tio:TIO_000062	variant is located in sequence	is located in	Monthly	"sparql_thread.pl -t 10"
uniprot-ec	nbdc00221	Protein	UniProt	http://purl.uniprot.org/uniprot/	nbdc01883	Function	Enzyme nomenclature	http://identifiers.org/ec-code/	tio:TIO_000028	sequence has EC number	has EC number	tio:TIO_000029	is EC number of sequence	is EC number of	Monthly	"sparql_thread.pl -t 10"
uniprot-ensembl_gene	nbdc00221	Protein	UniProt	http://purl.uniprot.org/uniprot/	nbdc00054	Gene	Ensembl gene	http://identifiers.org/ensembl/	tio:TIO_000024	protein is product of gene	is product of gene	tio:TIO_000025	gene has protein as product	has gene product	Monthly	"uniprot_idmapping2tsv.rb ${TOGOID_ROOT}/input/uniprot/idmapping.dat.gz Ensembl"
uniprot-ensembl_protein	nbdc00221	Protein	UniProt	http://purl.uniprot.org/uniprot/	nbdc00054	Protein	Ensembl protein	http://identifiers.org/ensembl/	tio:TIO_000002	is equivalent to	is equivalent to	tio:TIO_000002	is equivalent to	is equivalent to	Monthly	"uniprot_idmapping2tsv.rb ${TOGOID_ROOT}/input/uniprot/idmapping.dat.gz Ensembl_PRO"
uniprot-ensembl_transcript	nbdc00221	Protein	UniProt	http://purl.uniprot.org/uniprot/	nbdc00054	Transcript	Ensembl transcript	http://identifiers.org/ensembl/	tio:TIO_000037	protein is translated from transcript	is tranlated from	tio:TIO_000036	transcript is translated to protein	is translated to	Monthly	"uniprot_idmapping2tsv.rb ${TOGOID_ROOT}/input/uniprot/idmapping.dat.gz Ensembl_TRS"
uniprot-go	nbdc00221	Protein	UniProt	http://purl.uniprot.org/uniprot/	nbdc00074	Function	Gene ontology	http://purl.obolibrary.org/obo/GO_	tio:TIO_000004	has GO annotation	has GO annotation	tio:TIO_000007	is GO annotation of	is GO annotation of	Monthly	"idmapping_selected_go2tsv.rb ${TOGOID_ROOT}/input/uniprot/idmapping_selected.go"
uniprot-hgnc	nbdc00221	Protein	UniProt	http://purl.uniprot.org/uniprot/	nbdc01774	Gene	HGNC	http://identifiers.org/hgnc/	tio:TIO_000024	protein is product of gene	is product of gene	tio:TIO_000025	gene has protein as product	has gene product	Monthly	"uniprot_idmapping2tsv.rb ${TOGOID_ROOT}/input/uniprot/idmapping.dat.gz HGNC | perl -pe 's/HGNC://'"
uniprot-insdc	nbdc00221	Protein	UniProt	http://purl.uniprot.org/uniprot/	nbdc02567	Gene	GenBank/ENA/DDBJ	http://identifiers.org/insdc/	tio:TIO_000024	protein is product of gene	is product of gene	tio:TIO_000025	gene has protein as product	has gene product	Monthly	"uniprot_idmapping2tsv.rb ${TOGOID_ROOT}/input/uniprot/idmapping.dat.gz EMBL"
uniprot-intact	nbdc00221	Protein	UniProt	http://purl.uniprot.org/uniprot/	nbdc00507	Interaction	IntAct	http://identifiers.org/intact/	tio:TIO_000074	molecule participates in interaction	participates in interaction	tio:TIO_000075	interaction has participant molecule	has participant molecule	Monthly	"sparql_thread.pl -t 10"
uniprot-ncbigene	nbdc00221	Protein	UniProt	http://purl.uniprot.org/uniprot/	nbdc00073	Gene	NCBI gene	http://identifiers.org/ncbigene/	tio:TIO_000024	protein is product of gene	is product of gene	tio:TIO_000025	gene has protein as product	has gene product	Monthly	"uniprot_idmapping2tsv.rb ${TOGOID_ROOT}/input/uniprot/idmapping.dat.gz GeneID"
uniprot-oma_group	nbdc00221	Protein	UniProt	http://purl.uniprot.org/uniprot/	nbdc02221	Ortholog	OMA group	http://identifiers.org/oma.grp/	tio:TIO_000019	sequence is member of orthologous group	is member of orthologous group	tio:TIO_000018	orthologous group has member sequence	has orthologous group member	Monthly	"uniprot_idmapping2tsv.rb ${TOGOID_ROOT}/input/uniprot/idmapping.dat.gz OMA"
uniprot-omim_gene	nbdc00221	Protein	UniProt	http://purl.uniprot.org/uniprot/	nbdc00154	Gene	OMIM gene	http://identifiers.org/mim/	tio:TIO_000024	protein is product of gene	is product of gene	tio:TIO_000025	gene has protein as product	has gene product	Monthly	"sparql_thread.pl -t 10"
uniprot-omim_phenotype	nbdc00221	Protein	UniProt	http://purl.uniprot.org/uniprot/	nbdc00154	Phenotype	OMIM phenotype	http://identifiers.org/mim/	tio:TIO_000010	has related phenotype	has related phenotype	tio:TIO_000011	phenotype is related with	is related with	Monthly	"sparql_thread.pl -t 10"
uniprot-orphanet_phenotype	nbdc00221	Protein	UniProt	http://purl.uniprot.org/uniprot/	nbdc01422	Phenotype	Orphanet phenotype	http://identifiers.org/orphanet.ordo/Orphanet_	tio:TIO_000010	has related phenotype	has related phenotype	tio:TIO_000011	phenotype is related with	is related with	Monthly	"uniprot_idmapping2tsv.rb ${TOGOID_ROOT}/input/uniprot/idmapping.dat.gz Orphanet"
uniprot-pdb	nbdc00221	Protein	UniProt	http://purl.uniprot.org/uniprot/	nbdc00156	Structure	PDB	http://rdf.wwpdb.org/pdb/	tio:TIO_000026	protein has 3D structure	has 3D structure	tio:TIO_000027	is 3D structure of protein	is 3D structure of	Monthly	"uniprot_idmapping2tsv.rb ${TOGOID_ROOT}/input/uniprot/idmapping.dat.gz PDB"
uniprot-reactome_pathway	nbdc00221	Protein	UniProt	http://purl.uniprot.org/uniprot/	nbdc00185	Pathway	Reactome pathway	http://identifiers.org/reactome/	tio:TIO_000069	molecule participates in pathway	participates in pathway	tio:TIO_000068	pathway has participant molecule	has participant molecule	Monthly	"uniprot_idmapping2tsv.rb ${TOGOID_ROOT}/input/uniprot/idmapping.dat.gz Reactome"
uniprot_reference_proteome-assembly_insdc	nbdc00221	Proteome	UniProt reference proteome	http://purl.uniprot.org/proteomes/	FIXME	Genome	Assembly INSDC	http://identifiers.org/insdc.gca/	tio:TIO_000092	proteome is coded by genome	is coded by	tio:TIO_000093	genome codes proteome	codes	Monthly	"gzip -dc ${TOGOID_ROOT}/input/uniprot/uniprot_reference_proteome.tab.gz | sed -e '1d' | cut -f1,3 | grep GCA |cut -f1 -d '.'"
uniprot_reference_proteome-assembly_refseq	nbdc00221	Proteome	UniProt reference proteome	http://purl.uniprot.org/proteomes/	FIXME	Genome	Assembly RefSeq	http://identifiers.org/insdc.gca/	tio:TIO_000092	proteome is coded by genome	is coded by	tio:TIO_000093	genome codes proteome	codes	Monthly	"gzip -dc ${TOGOID_ROOT}/input/uniprot/uniprot_reference_proteome.tab.gz | sed -e '1d' | cut -f1,3 | grep GCF |cut -f1 -d '.'"
uniprot_reference_proteome-taxonomy	nbdc00221	Proteome	UniProt reference proteome	http://purl.uniprot.org/proteomes/	nbdc00700	Organism	Taxonomy	http://identifiers.org/taxonomy/	tio:TIO_000090	is proteome of organism	is proteome of	tio:TIO_000091	organism has proteome	has proteome	Monthly	"gzip -dc ${TOGOID_ROOT}/input/uniprot/uniprot_reference_proteome.tab.gz | sed -e '1d' | cut -f 1,2"
uniprot-refseq_protein	nbdc00221	Protein	UniProt	http://purl.uniprot.org/uniprot/	nbdc00187	Protein	RefSeq protein	http://identifiers.org/refseq/	tio:TIO_000002	is equivalent to	is equivalent to	tio:TIO_000002	is equivalent to	is equivalent to	Monthly	"uniprot_idmapping2tsv.rb ${TOGOID_ROOT}/input/uniprot/idmapping.dat.gz RefSeq | perl -pe 's/\\.\\d+$//'"
uniprot-uniprot_mnemonic	nbdc00221	Protein	UniProt	http://purl.uniprot.org/uniprot/	nbdc00221	Protein	UniProt mnemonic	http://purl.uniprot.org/uniprot/	tio:TIO_000022	has synonym	has synonym	tio:TIO_000023	is synonym of	is synonym of	Monthly	"uniprot_idmapping2tsv.rb ${TOGOID_ROOT}/input/uniprot/idmapping.dat.gz UniProtKB-ID"
wikipathways-chebi	nbdc02116	Pathway	WikiPathways	http://identifiers.org/wikipathways/	nbdc00027	Compound	ChEBI compound	http://purl.obolibrary.org/obo/CHEBI_	tio:TIO_000068	pathway has participant molecule	has participant molecule	tio:TIO_000069	molecule participates in pathway	participates in pathway	Monthly	"sparql_csv2tsv.sh query.rq https://sparql.wikipathways.org/sparql"
wikipathways-doid	nbdc02116	Pathway	WikiPathways	http://identifiers.org/wikipathways/	nbdc00261	Phenotype	Disease ontology	http://purl.obolibrary.org/obo/DOID_	tio:TIO_000010	has related phenotype	has related phenotype	tio:TIO_000011	phenotype is related with	is related with	Monthly	"sparql_csv2tsv.sh query.rq https://sparql.wikipathways.org/sparql"
wikipathways-hmdb	nbdc02116	Pathway	WikiPathways	http://identifiers.org/wikipathways/	nbdc00909	Compound	HMDB	http://identifiers.org/hmdb/	tio:TIO_000068	pathway has participant molecule	has participant molecule	tio:TIO_000069	molecule participates in pathway	participates in pathway	Monthly	"sparql_csv2tsv.sh query.rq https://sparql.wikipathways.org/sparql"
wikipathways-lipidmaps	nbdc02116	Pathway	WikiPathways	http://identifiers.org/wikipathways/	FIXME	Lipid	LIPID MAPS	http://identifiers.org/lipidmaps/	tio:TIO_000068	pathway has participant molecule	has participant molecule	tio:TIO_000069	molecule participates in pathway	participates in pathway	Monthly	"sparql_csv2tsv.sh query.rq https://sparql.wikipathways.org/sparql"
wikipathways-ncbigene	nbdc02116	Pathway	WikiPathways	http://identifiers.org/wikipathways/	nbdc00073	Gene	NCBI gene	http://identifiers.org/ncbigene/	tio:TIO_000113	pathway has component coded by gene	has component coded by	tio:TIO_000112	gene codes protein participating in pathway	codes protein participating in	Monthly	"sparql_csv2tsv.sh query.rq https://sparql.wikipathways.org/sparql | grep -P '^WP\\d+\\t\\d+$'"
wikipathways-uniprot	nbdc02116	Pathway	WikiPathways	http://identifiers.org/wikipathways/	nbdc00221	Protein	UniProt	http://purl.uniprot.org/uniprot/	tio:TIO_000068	pathway has participant molecule	has participant molecule	tio:TIO_000069	molecule participates in pathway	participates in pathway	Monthly	"sparql_csv2tsv.sh query.rq https://sparql.wikipathways.org/sparql | perl -ne 'print $_ if (/^WP\\d+_r\\d+\\t([A-N,R-Z][0-9]([A-Z][A-Z, 0-9][A-Z, 0-9][0-9]){1,2})|([O,P,Q][0-9][A-Z, 0-9][A-Z, 0-9][A-Z, 0-9][0-9])(\\.\\d+)?(-\\d+)?$/)'"
